schema_version,sample_id,image_id,patient_id,label,scheme,seed,noise_level,transform_bit_exact,t1_reused_p_output,runtime_seconds_anonymous_generation,runtime_seconds_t1_generation,transform_latent_max_abs,transform_latent_float32_bit_exact_rate,anon_vs_x0_psnr_db,anon_vs_x0_ssim,anon_vs_x0_mse,anon_vs_x0_rmse,anon_vs_x0_mae,anon_vs_x0_linf,anon_vs_x0_cosine,anon_vs_x0_uint8_pixel_equality_rate,anon_vs_x0_float32_bit_exact_rate,t1_vs_x0_psnr_db,t1_vs_x0_ssim,t1_vs_x0_mse,t1_vs_x0_rmse,t1_vs_x0_mae,t1_vs_x0_linf,t1_vs_x0_cosine,t1_vs_x0_uint8_pixel_equality_rate,t1_vs_x0_float32_bit_exact_rate,runtime_seconds_m1png_inversion,runtime_seconds_m1png_generation,m1png_attacker_latent_cosine,m1png_attacker_latent_mse,m1png_attacker_latent_rmse,m1png_attacker_latent_max_abs,m1png_attacker_latent_float32_bit_exact_rate,m1png_attacker_latent_norm_ratio,m1png_attacker_latent_lowfreq32_cosine,m1png_attacker_latent_highfreq_cosine,m1png_attacker_latent_abs_pearson,m1png_decrypted_latent_cosine,m1png_decrypted_latent_mse,m1png_decrypted_latent_rmse,m1png_decrypted_latent_max_abs,m1png_decrypted_latent_float32_bit_exact_rate,m1png_decrypted_latent_norm_ratio,m1png_decrypted_latent_lowfreq32_cosine,m1png_decrypted_latent_highfreq_cosine,m1png_decrypted_latent_abs_pearson,m1png_vs_x0_psnr_db,m1png_vs_x0_ssim,m1png_vs_x0_mse,m1png_vs_x0_rmse,m1png_vs_x0_mae,m1png_vs_x0_linf,m1png_vs_x0_cosine,m1png_vs_x0_uint8_pixel_equality_rate,m1png_vs_x0_float32_bit_exact_rate,m1png_vs_p_output_psnr_db,m1png_vs_p_output_ssim,m1png_vs_p_output_mse,m1png_vs_p_output_rmse,m1png_vs_p_output_mae,m1png_vs_p_output_linf,m1png_vs_p_output_cosine,m1png_vs_p_output_uint8_pixel_equality_rate,m1png_vs_p_output_float32_bit_exact_rate,runtime_seconds_m1float_inversion,runtime_seconds_m1float_generation,m1float_attacker_latent_cosine,m1float_attacker_latent_mse,m1float_attacker_latent_rmse,m1float_attacker_latent_max_abs,m1float_attacker_latent_float32_bit_exact_rate,m1float_attacker_latent_norm_ratio,m1float_attacker_latent_lowfreq32_cosine,m1float_attacker_latent_highfreq_cosine,m1float_attacker_latent_abs_pearson,m1float_decrypted_latent_cosine,m1float_decrypted_latent_mse,m1float_decrypted_latent_rmse,m1float_decrypted_latent_max_abs,m1float_decrypted_latent_float32_bit_exact_rate,m1float_decrypted_latent_norm_ratio,m1float_decrypted_latent_lowfreq32_cosine,m1float_decrypted_latent_highfreq_cosine,m1float_decrypted_latent_abs_pearson,m1float_vs_x0_psnr_db,m1float_vs_x0_ssim,m1float_vs_x0_mse,m1float_vs_x0_rmse,m1float_vs_x0_mae,m1float_vs_x0_linf,m1float_vs_x0_cosine,m1float_vs_x0_uint8_pixel_equality_rate,m1float_vs_x0_float32_bit_exact_rate,m1float_vs_p_output_psnr_db,m1float_vs_p_output_ssim,m1float_vs_p_output_mse,m1float_vs_p_output_rmse,m1float_vs_p_output_mae,m1float_vs_p_output_linf,m1float_vs_p_output_cosine,m1float_vs_p_output_uint8_pixel_equality_rate,m1float_vs_p_output_float32_bit_exact_rate
1,dev_v1.1_000|P,dev_v1.1_000,patient64544,0,P,1911,500,1,1,8.076866206014529,0.0,0.0,1.0,42.50671666385504,0.9883110567798803,5.6147229770431295e-05,0.007493145519101527,0.005653860978782177,0.0696304440498352,0.9999232133303819,0.2363128662109375,6.103515625e-05,42.50671666385504,0.9883110567798803,5.6147229770431295e-05,0.007493145519101527,0.005653860978782177,0.0696304440498352,0.9999232133303819,0.2363128662109375,6.103515625e-05,7.6855289690429345,7.751338614965789,0.307895139050065,1.2950494289398193,1.1380023852961905,8.266890525817871,0.0,0.9948434829711914,0.9755447855646104,0.2793311172770344,0.4584957993564017,0.307895139050065,1.2950494289398193,1.1380023852961905,8.266890525817871,0.0,0.9948434829711914,0.9755447855646104,0.2793311172770344,0.4584957993564017,38.00592037329437,0.9825443179978806,0.0001582734112162143,0.012580676103302806,0.008698021061718464,0.24742397665977478,0.9997848689344239,0.1797027587890625,0.0,43.72186742172222,0.9950774734025187,4.244370211381465e-05,0.006514883123572874,0.004347296431660652,0.18627935647964478,0.999940732201989,0.3060150146484375,0.0,7.685895626898855,7.7518644670490175,0.30217440478564306,1.3037434816360474,1.1418158702855936,8.479045867919922,0.0,0.9932984113693237,0.9783438567999233,0.27312253835102934,0.5460043713888157,0.30217440478564306,1.3037434816360474,1.1418158702855936,8.479045867919922,0.0,0.9932984113693237,0.9783438567999233,0.27312253835102934,0.5460043713888157,37.99261621713731,0.9819839774276022,0.0001587590086273849,0.012599960659755447,0.008716350421309471,0.24261689186096191,0.9997829247566098,0.172637939453125,1.52587890625e-05,43.90330474242444,0.9950421383898772,4.070704017067328e-05,0.006380206906572331,0.004171187989413738,0.17936953902244568,0.9999427372016286,0.338043212890625,0.0
1,dev_v1.1_000|S0,dev_v1.1_000,patient64544,0,S0,1911,500,1,1,7.750648512970656,0.0,0.0,1.0,5.648348673541557,0.01571380726959399,0.27237367630004883,0.521894315259372,0.43100637197494507,1.2473490238189697,0.4365836828669781,0.0031280517578125,0.0,42.50671666385504,0.9883110567798803,5.6147229770431295e-05,0.007493145519101527,0.005653860978782177,0.0696304440498352,0.9999232133303819,0.2363128662109375,6.103515625e-05,7.6854866470675915,7.751737080980092,0.9903992783242263,0.01830878108739853,0.13530994452514764,0.8362486362457275,0.0,1.0093516111373901,0.6736554054908865,0.9964514230445346,0.9763981904806638,0.9903992783242263,0.01830878108739853,0.13530994452514764,0.8362486362457275,0.0,1.0093516111373901,0.9960714487998857,0.9901572074594629,0.9763981904806638,31.44507823997091,0.9346776642539446,0.0007169554592110217,0.02677602396195189,0.016791153699159622,0.683880090713501,0.9989231322254299,0.1025238037109375,0.0002593994140625,30.4644516070492,0.8929597123379414,0.0008985760505311191,0.02997625811423299,0.019850678741931915,0.715062141418457,0.9986412036130905,0.0779876708984375,4.57763671875e-05,7.691581169026904,7.753398780943826,0.9999107902640958,0.00017733333515934646,0.013316656305520033,0.12085509300231934,0.0,0.9967912435531616,0.9996744003664473,0.999914892111222,0.9997749369043241,0.9999107902640958,0.00017733333515934646,0.013316656305520033,0.12085509300231934,0.0,0.9967912435531616,0.9999368518462832,0.9999103606511901,0.9997749369043241,39.083642269259386,0.9802606850510391,0.00012349113239906728,0.011112656406056442,0.008206527680158615,0.2383420169353485,0.9998311131752834,0.157318115234375,0.0,45.14511031092705,0.9962118502279504,3.058362563024275e-05,0.0055302464348564746,0.0037249140441417694,0.1687115728855133,0.9999558236952646,0.33770751953125,0.0
1,dev_v1.1_000|S1,dev_v1.1_000,patient64544,0,S1,1911,500,1,1,7.753337624017149,0.0,0.0,1.0,5.205550458977926,0.02183547144032598,0.30160945653915405,0.5491898183134444,0.46294987201690674,1.3593518733978271,0.30386836827323493,0.0024871826171875,0.0,42.50671666385504,0.9883110567798803,5.6147229770431295e-05,0.007493145519101527,0.005653860978782177,0.0696304440498352,0.9999232133303819,0.2363128662109375,6.103515625e-05,7.687595539959148,7.752640192979015,0.9910890488644527,0.017006766051054,0.13040999214421417,0.9495906829833984,0.0,1.0095489025115967,0.6851924501764668,0.9967217515523583,0.9780802836295589,0.9910881732808179,0.017006766051054,0.13040999214421417,0.9495906829833984,0.0,1.0095490217208862,0.9967990284193293,0.9908455697117305,0.9780802836295572,33.42033718270712,0.9449456048301517,0.0004549527366179973,0.021329621108167798,0.015397457405924797,0.18853774666786194,0.9993216691764187,0.1059417724609375,4.57763671875e-05,32.07685741030409,0.9014713303680192,0.0006198894698172808,0.02489757959756893,0.018396824598312378,0.2154805064201355,0.9990604304059898,0.0807647705078125,0.0,7.69081667100545,7.755708778044209,0.9999303726158741,0.00014080831897445023,0.011866268114889797,0.10772705078125,1.52587890625e-05,0.9967653155326843,0.9997662844034197,0.9999330871076683,0.999821126937648,0.999930754126981,0.00014080833352636546,0.011866268728052869,0.10772705078125,1.52587890625e-05,0.9967649579048157,0.9999725861313723,0.9999285873754017,0.9998211269376489,39.715019589304944,0.9802322204699696,0.00010678199760150164,0.010333537516334939,0.007787536829710007,0.0886995792388916,0.9998556671829572,0.1697540283203125,0.0,47.15811555770446,0.9963607529875285,1.923926356539596e-05,0.004386258492769887,0.0032387899700552225,0.058490872383117676,0.9999724831744569,0.3795623779296875,0.0
1,dev_v1.1_001|P,dev_v1.1_001,patient64551,0,P,1911,500,1,1,7.75875472498592,0.0,0.0,1.0,43.06818977260274,0.9896422634557462,4.933794116368517e-05,0.007024097177836108,0.0055396463721990585,0.037211984395980835,0.9999355479788823,0.2290802001953125,0.001007080078125,43.06818977260274,0.9896422634557462,4.933794116368517e-05,0.007024097177836108,0.0055396463721990585,0.037211984395980835,0.9999355479788823,0.2290802001953125,0.001007080078125,7.690830376930535,7.756887734052725,0.7387642785561389,0.487962007522583,0.698542774297024,5.299858570098877,0.0,0.9926888942718506,0.992510316577357,0.7275133215026627,0.6597494527975037,0.7387642785561389,0.487962007522583,0.698542774297024,5.299858570098877,0.0,0.9926888942718506,0.992510316577357,0.7275133215026627,0.6597494527975037,38.23000207569927,0.9777274693538006,0.00015031412476673722,0.01226026609689762,0.009581444784998894,0.07822275161743164,0.9998243212763438,0.139190673828125,0.0008392333984375,44.48881052543693,0.9959363638057694,3.5572873457567766e-05,0.0059642999134490015,0.0046599749475717545,0.0492403507232666,0.9999642370333216,0.2612762451171875,0.0008544921875,7.689814107026905,7.755366675090045,0.7849182435936997,0.4013158082962036,0.6334949157619212,5.213077068328857,0.0,0.9915493130683899,0.9944118527119876,0.7756175988295939,0.7334196556837238,0.7849182435936997,0.4013158082962036,0.6334949157619212,5.213077068328857,0.0,0.9915493130683899,0.9944118527119876,0.7756175988295939,0.7334196556837238,38.60230048997022,0.9777352550455964,0.00013796532584819943,0.011745864201845662,0.00910712219774723,0.08043581247329712,0.9998232795217677,0.1437530517578125,0.0010528564453125,45.46362562901245,0.9959909362812256,2.842087451426778e-05,0.00533112319443734,0.004052596166729927,0.05145341157913208,0.999963776033266,0.3079376220703125,0.0009613037109375
1,dev_v1.1_001|S0,dev_v1.1_001,patient64551,0,S0,1911,500,1,1,7.7548549140337855,0.0,0.0,1.0,5.473085109968463,0.010515544053028108,0.2835903763771057,0.5325320425825152,0.4543973207473755,1.2502076625823975,0.392231394723732,0.00274658203125,0.0,43.06818977260274,0.9896422634557462,4.933794116368517e-05,0.007024097177836108,0.0055396463721990585,0.037211984395980835,0.9999355479788823,0.2290802001953125,0.001007080078125,7.69285478501115,7.756968519999646,0.9924874498625161,0.014220851473510265,0.1192512116228186,0.8905235528945923,0.0,1.00465989112854,0.7459804190008392,0.996631312849891,0.9814209131665527,0.9924874498625161,0.014220851473510265,0.1192512116228186,0.8905235528945923,0.0,1.00465989112854,0.9967637219338435,0.9922969699868991,0.9814209131665527,36.02347592278221,0.9856549182513179,0.0002498344983905554,0.01580615381395978,0.011372766457498074,0.18730682134628296,0.9996424944717243,0.1256561279296875,0.001007080078125,35.3912124343655,0.976411553410509,0.0002889872994273901,0.016999626449642653,0.012623224407434464,0.20197248458862305,0.999607728970152,0.11114501953125,0.000732421875,7.691632676986046,7.7567911020014435,0.999924800721913,0.00015074526891112328,0.012277836491463929,0.1762833595275879,0.0,0.9967484474182129,0.9997797132410128,0.9999275453193696,0.9998100642033707,0.999924800721913,0.00015074526891112328,0.012277836491463929,0.1762833595275879,0.0,0.9967484474182129,0.9999557754384996,0.9999237135525563,0.9998100642033707,39.23126377694548,0.9769510890901477,0.00011936407099710777,0.01092538653765201,0.00851545762270689,0.08814173936843872,0.9998451092411351,0.1532135009765625,0.000762939453125,45.67718958557495,0.9957671291702728,2.7057087208959274e-05,0.005201642741380772,0.0039287712424993515,0.06617051362991333,0.9999630878152608,0.31787109375,0.0007476806640625
1,dev_v1.1_001|S1,dev_v1.1_001,patient64551,0,S1,1911,500,1,1,7.756442171987146,0.0,0.0,1.0,5.688373607719981,0.02293646066705072,0.2698749899864197,0.5194949374021076,0.43651828169822693,1.3531832695007324,0.4567270614082878,0.003692626953125,0.0,43.06818977260274,0.9896422634557462,4.933794116368517e-05,0.007024097177836108,0.0055396463721990585,0.037211984395980835,0.9999355479788823,0.2290802001953125,0.001007080078125,7.708374697016552,7.752020256011747,0.9902108960183384,0.018865985795855522,0.13735350667476795,0.903203010559082,0.0,1.0141234397888184,0.6870958698721125,0.9967079674571749,0.9758545135828386,0.9902110215849848,0.018865985795855522,0.13735350667476795,0.903203010559082,0.0,1.0141230821609497,0.9963971305649335,0.9899380882720029,0.9758545135828384,30.45855367896648,0.8945574799381639,0.0008997971890494227,0.02999661962704169,0.022599268704652786,0.24397259950637817,0.9986534386217619,0.064697265625,0.00048828125,29.22484837283937,0.8391087451937923,0.0011954052606597543,0.034574633196315395,0.0263498667627573,0.25471827387809753,0.9982037700096816,0.0543670654296875,0.0003509521484375,7.693026502034627,7.758508583065122,0.9999255044151982,0.0001504154788563028,0.012264398837949735,0.11934733390808105,0.0,0.9968084692955017,0.9996929387048366,0.9999288380113346,0.9998081984082424,0.9999248052388946,0.0001504154788563028,0.012264398837949735,0.11934733390808105,0.0,0.9968082904815674,0.9999700649087898,0.9999229200308931,0.999808198408243,39.498975621505664,0.9766131777077033,0.00011222831381019205,0.010593786566199644,0.008174494840204716,0.08457136154174805,0.9998513278044046,0.162689208984375,0.0009613037109375,46.47762004903573,0.9956186091304099,2.2502874344354495e-05,0.004743719463074782,0.003510350827127695,0.05558896064758301,0.9999680742409177,0.360870361328125,0.0008697509765625
1,dev_v1.1_002|P,dev_v1.1_002,patient64554,0,P,1911,500,1,1,7.7548675030702725,0.0,0.0,1.0,42.64458207134303,0.9860322354169752,5.439284723252058e-05,0.007375150658293062,0.005576252471655607,0.05892425775527954,0.9999258887170518,0.2510223388671875,0.0,42.64458207134303,0.9860322354169752,5.439284723252058e-05,0.007375150658293062,0.005576252471655607,0.05892425775527954,0.9999258887170518,0.2510223388671875,0.0,7.691451546968892,7.754204205004498,0.2685572755726382,1.3654444217681885,1.1685223240350133,8.330629348754883,0.0,0.9937024712562561,0.9740134816214278,0.23883776767731957,0.4055658071389053,0.2685572755726382,1.3654444217681885,1.1685223240350133,8.330629348754883,0.0,0.9937024712562561,0.9740134816214278,0.23883776767731957,0.4055658071389053,38.62601311713706,0.9782910773682045,0.000137214083224535,0.011713841522939219,0.008789362385869026,0.10983186960220337,0.9998038574464132,0.152618408203125,0.0,43.14096012073325,0.9948173714746799,4.8518122639507055e-05,0.006965495146757842,0.00569505151361227,0.05090761184692383,0.9999546666841072,0.1939239501953125,0.0,7.690794193069451,7.7575086649740115,0.2512736909265468,1.3941129446029663,1.1807256008925047,8.403502464294434,0.0,0.9911202788352966,0.9765520567217597,0.22092655910823975,0.5058112724212976,0.2512736909265468,1.3941129446029663,1.1807256008925047,8.403502464294434,0.0,0.9911202788352966,0.9765520567217597,0.22092655910823975,0.5058112724212976,38.20490756094138,0.977525807638431,0.00015118518786039203,0.012295738605728085,0.00877423770725727,0.10937035083770752,0.9997940399324364,0.1693878173828125,1.52587890625e-05,44.48800580786369,0.9946341203045765,3.5579465475166216e-05,0.005964852510763885,0.004170452710241079,0.05044609308242798,0.9999504789733449,0.337921142578125,0.0
1,dev_v1.1_002|S0,dev_v1.1_002,patient64554,0,S0,1911,500,1,1,7.7567280060611665,0.0,0.0,1.0,5.02161899319848,0.012675858173936131,0.3146575093269348,0.5609434100931526,0.4587339758872986,1.371315598487854,0.24005388739831215,0.0030670166015625,0.0,42.64458207134303,0.9860322354169752,5.439284723252058e-05,0.007375150658293062,0.005576252471655607,0.05892425775527954,0.9999258887170518,0.2510223388671875,0.0,7.689250383991748,7.754756228998303,0.9902642266963676,0.018531300127506256,0.1361297180174346,0.7864456176757812,0.0,1.0090252161026,0.6702067224114113,0.9960296011268134,0.9770605612339056,0.9902642266963676,0.018531300127506256,0.1361297180174346,0.7864456176757812,0.0,1.0090252161026,0.995848133596725,0.990033463442018,0.9770605612339056,30.55125586388509,0.9221179022684097,0.000880794133991003,0.029678176055664255,0.018537258729338646,0.4881487488746643,0.9986783360594488,0.0842742919921875,1.52587890625e-05,30.129000227901074,0.8766108052132155,0.0009707334102131426,0.03115659497142046,0.020503396168351173,0.48342040181159973,0.9985304790908877,0.0723724365234375,0.0,7.688722689985298,7.754827592987567,0.9999225208074923,0.0001547683059470728,0.012440591061001595,0.10953497886657715,0.0,0.9967589974403381,0.9998216171802002,0.9999242458058636,0.999812355702007,0.9999225208074923,0.0001547683059470728,0.012440591061001595,0.10953497886657715,0.0,0.9967589974403381,0.9999505217160188,0.9999214966920867,0.999812355702007,37.36987267255882,0.9728060208876431,0.00018323681433685124,0.013536499338338965,0.007957604713737965,0.6629643440246582,0.9997412797062957,0.173370361328125,0.0,38.766189130258574,0.9884532743043312,0.00013285597378853709,0.011526316575061483,0.0040669566951692104,0.7185100317001343,0.9998009801186376,0.380950927734375,0.0
1,dev_v1.1_002|S1,dev_v1.1_002,patient64554,0,S1,1911,500,1,1,7.752798452042043,0.0,0.0,1.0,5.445817185356963,0.0026429714467998463,0.28537654876708984,0.5342064664220098,0.4688538610935211,1.303846836090088,0.38565473564024866,0.0015869140625,0.0,42.64458207134303,0.9860322354169752,5.439284723252058e-05,0.007375150658293062,0.005576252471655607,0.05892425775527954,0.9999258887170518,0.2510223388671875,0.0,7.689368442981504,7.753509844071232,0.989660462488993,0.01983984187245369,0.14085397357708332,0.7846419811248779,0.0,1.0130927562713623,0.6250383787084111,0.996565159356357,0.9758664162865194,0.9896602151766141,0.01983984187245369,0.14085397357708332,0.7846419811248779,0.0,1.0130928754806519,0.9958042911352349,0.9894080246814148,0.9758664162865185,29.47475731182795,0.8591604928636635,0.0011285590007901192,0.03359403221987678,0.02241242676973343,0.6243067979812622,0.9983038429661424,0.0643463134765625,1.52587890625e-05,28.642730803143024,0.7935814222195501,0.001366869080811739,0.03697119258032853,0.025359520688652992,0.6243327260017395,0.9979326517922804,0.055816650390625,0.0,7.689580990001559,7.755869399989024,0.9999296514269588,0.0001422518107574433,0.01192693635253594,0.10312938690185547,0.0,0.9967626929283142,0.9996899325126087,0.9999336067116309,0.9998273543743311,0.9999294604488301,0.0001422518107574433,0.01192693635253594,0.10312938690185547,0.0,0.9967626333236694,0.9999717256165914,0.9999275291834276,0.9998273543743308,39.943654129387724,0.976376688856261,0.00010130586451850832,0.010065081446193483,0.007592105306684971,0.07758378982543945,0.9998650581210087,0.1758270263671875,0.0,46.30229724935353,0.9930600505339651,2.342989137105178e-05,0.004840443303154349,0.003361631417647004,0.047492146492004395,0.9999670730491641,0.396575927734375,0.0
1,dev_v1.1_003|P,dev_v1.1_003,patient64556,0,P,1911,500,1,1,7.754895334946923,0.0,0.0,1.0,43.21705626823956,0.9889015664846965,4.7675403038738295e-05,0.006904737724109316,0.005390755366533995,0.041612446308135986,0.9999370078965293,0.241363525390625,0.000335693359375,43.21705626823956,0.9889015664846965,4.7675403038738295e-05,0.006904737724109316,0.005390755366533995,0.041612446308135986,0.9999370078965293,0.241363525390625,0.000335693359375,7.690196285955608,7.75757341098506,0.5268728187781664,0.8845651149749756,0.9405132189262284,6.99483585357666,0.0,0.9933412075042725,0.983324140800342,0.5069791552294921,0.5062850657393289,0.5268728187781664,0.8845651149749756,0.9405132189262284,6.99483585357666,0.0,0.9933412075042725,0.983324140800342,0.5069791552294921,0.5062850657393289,38.08056558447714,0.9778439470733303,0.00015557630104012787,0.012473022931115291,0.009806228801608086,0.07759925723075867,0.9998324200481092,0.119842529296875,0.000274658203125,43.30734149681795,0.994364979540493,4.669451300287619e-05,0.006833338349802108,0.0056064133532345295,0.04397839307785034,0.9999595983880932,0.1856231689453125,0.0006103515625,7.696547340019606,7.757908365922049,0.5482683377354036,0.843265175819397,0.9182947107652297,8.026151657104492,0.0,0.9917855262756348,0.9871024680049078,0.5291619515277051,0.5916971199944822,0.5482683377354036,0.843265175819397,0.9182947107652297,8.026151657104492,0.0,0.9917855262756348,0.9871024680049078,0.5291619515277051,0.5916971199944822,39.056579285900916,0.98047205488052,0.00012426306784618646,0.011147334562404883,0.00850179698318243,0.07556849718093872,0.9998412787231707,0.1606903076171875,0.0002899169921875,45.885208897901855,0.996580121093767,2.5791649022721685e-05,0.0050785479246258656,0.003838636912405491,0.04381173849105835,0.9999675974013116,0.3310546875,0.000640869140625
1,dev_v1.1_003|S0,dev_v1.1_003,patient64556,0,S0,1911,500,1,1,7.753968830918893,0.0,0.0,1.0,5.41486565502463,0.02956838538137682,0.2874176502227783,0.5361134676752471,0.4467202425003052,1.2816238403320312,0.38194768382282185,0.004058837890625,0.0,43.21705626823956,0.9889015664846965,4.7675403038738295e-05,0.006904737724109316,0.005390755366533995,0.041612446308135986,0.9999370078965293,0.241363525390625,0.000335693359375,7.69134782301262,7.7569410420255736,0.9916134243036591,0.015962958335876465,0.1263446015304036,0.7921187877655029,0.0,1.0077335834503174,0.6969035109262949,0.9967246341842187,0.979667002319891,0.9916134243036591,0.015962958335876465,0.1263446015304036,0.7921187877655029,0.0,1.0077335834503174,0.9966174588573156,0.9913981579977348,0.979667002319891,33.37683836108753,0.9574700152362727,0.00045953242806717753,0.021436707491291136,0.015452802181243896,0.31118345260620117,0.9993481581110847,0.095855712890625,0.0006256103515625,32.52534329989431,0.9220498734624989,0.0005590693326666951,0.02364464701928737,0.017330043017864227,0.32668769359588623,0.9991677830351238,0.084991455078125,0.00042724609375,7.68985896196682,7.756799223017879,0.9999278779081645,0.00014528192696161568,0.012053295273974486,0.10230183601379395,0.0,0.9967918992042542,0.999809029621301,0.9999297085629235,0.9998223196321127,0.9999278779081645,0.00014528192696161568,0.012053295273974486,0.10230183601379395,0.0,0.9967918992042542,0.9999577811205558,0.9999266645943558,0.9998223196321127,39.8614831767957,0.9775647357756317,0.00010324087634216994,0.010160751760680405,0.00779950525611639,0.07971525192260742,0.9998617893216317,0.1690216064453125,0.0003204345703125,46.410995640479825,0.9958777999899051,2.2850748791825026e-05,0.0047802456832076136,0.003518880344927311,0.04921245574951172,0.9999672952272416,0.360992431640625,0.00048828125
1,dev_v1.1_003|S1,dev_v1.1_003,patient64556,0,S1,1911,500,1,1,7.755377121968195,0.0,0.0,1.0,5.477834236105998,0.010477281904120686,0.2832804322242737,0.5322409531633898,0.4508082866668701,1.3584619760513306,0.39937235044537844,0.0021820068359375,0.0,43.21705626823956,0.9889015664846965,4.7675403038738295e-05,0.006904737724109316,0.005390755366533995,0.041612446308135986,0.9999370078965293,0.241363525390625,0.000335693359375,7.688851907034405,7.755867226049304,0.988994602070293,0.02115160971879959,0.14543592994442464,0.8052676916122437,0.0,1.0132514238357544,0.6188079828227085,0.9963716475911265,0.9736011140614753,0.9889945416227055,0.021151607856154442,0.14543592354076224,0.8052676916122437,0.0,1.0132513046264648,0.9956246499856076,0.9887075453446916,0.9736011140614733,30.268816943484616,0.8887853163272436,0.0009399793343618512,0.030659082412261642,0.0228908471763134,0.26188910007476807,0.9985977221422049,0.06622314453125,0.0004730224609375,29.24984234907562,0.8314063440631898,0.0011885453714057803,0.03447528638613145,0.026002459228038788,0.28477466106414795,0.9982133324276177,0.0556793212890625,0.00030517578125,7.689639059011824,7.756417230935767,0.9999305428549314,0.00013994246546644717,0.011829728038566533,0.09998369216918945,0.0,0.9967364072799683,0.9998013514416291,0.9999327259037681,0.999826777615619,0.9999304793209343,0.00013994246546644717,0.011829728038566533,0.09998369216918945,0.0,0.9967362880706787,0.999973780810051,0.9999290488191866,0.9998267776156181,39.816738497124554,0.9773906739207648,0.00010431004920974374,0.010213229127447584,0.007775858510285616,0.07043033838272095,0.9998624522735806,0.174896240234375,0.0003204345703125,46.692711038775926,0.9958460999218041,2.141553341061808e-05,0.0046276920176928455,0.00333412759937346,0.05045723915100098,0.9999703386037141,0.3871917724609375,0.0005035400390625
1,dev_v1.1_004|P,dev_v1.1_004,patient64558,0,P,1911,500,1,1,7.756859533954412,0.0,0.0,1.0,42.25941102998887,0.9881377226470228,5.9437275922391564e-05,0.007709557440112342,0.005937558598816395,0.04847558215260506,0.9999185980524965,0.2226104736328125,0.0,42.25941102998887,0.9881377226470228,5.9437275922391564e-05,0.007709557440112342,0.005937558598816395,0.04847558215260506,0.9999185980524965,0.2226104736328125,0.0,7.693746829987504,7.757886993000284,0.3052361578543324,1.299509882926941,1.139960474282745,13.239837646484375,0.0,0.9948171973228455,0.97836438702346,0.27506039389264036,0.4082061603411149,0.3052361578543324,1.299509882926941,1.139960474282745,13.239837646484375,0.0,0.9948171973228455,0.97836438702346,0.27506039389264036,0.4082061603411149,37.85797091243093,0.9777275493272484,0.0001637581444811076,0.01279680211932292,0.008693941868841648,0.4676092267036438,0.999758596716182,0.170928955078125,0.0,42.44231088898712,0.9930809911663161,5.6986096751643345e-05,0.007548913614000583,0.004359059035778046,0.4556334614753723,0.9999148177067508,0.3053436279296875,0.0,7.692491840920411,7.756270479061641,0.29404984057856326,1.3186907768249512,1.148342621705278,13.874641418457031,0.0,0.9934936761856079,0.9792586386404715,0.2633909947024563,0.473026044419342,0.29404984057856326,1.3186907768249512,1.148342621705278,13.874641418457031,0.0,0.9934936761856079,0.9792586386404715,0.2633909947024563,0.473026044419342,37.150048309930874,0.9766611723546538,0.0001927503471961245,0.013883455880872187,0.00932611245661974,0.47047990560531616,0.99973424579802,0.157623291015625,0.0,41.41343706881547,0.9926735018891657,7.221980195026845e-05,0.00849822345848051,0.004521521274000406,0.4585041403770447,0.9998958625891085,0.308990478515625,0.0
1,dev_v1.1_004|S0,dev_v1.1_004,patient64558,0,S0,1911,500,1,1,7.754175469977781,0.0,0.0,1.0,5.360411318628425,0.01837481503898438,0.291044145822525,0.5394850746985731,0.4529760479927063,1.3189117908477783,0.36045396238685623,0.002410888671875,0.0,42.25941102998887,0.9881377226470228,5.9437275922391564e-05,0.007709557440112342,0.005937558598816395,0.04847558215260506,0.9999185980524965,0.2226104736328125,0.0,7.695860179956071,7.762279457994737,0.9901527195070239,0.018794961273670197,0.13709471643236365,0.8593854904174805,0.0,1.010043740272522,0.6776147275045082,0.9961323454663077,0.9752813467447137,0.9901527195070239,0.018794961273670197,0.13709471643236365,0.8593854904174805,0.0,1.010043740272522,0.9959859804098212,0.9898932391249236,0.9752813467447137,29.683713767689195,0.916503213478284,0.0010755450930446386,0.03279550415902519,0.02179768867790699,0.7203267216682434,0.998390457944945,0.0746612548828125,0.0003662109375,28.97333419849703,0.8694325791163691,0.0012666790280491114,0.03559043450211182,0.024306204169988632,0.7406420707702637,0.9980932883984995,0.062225341796875,0.0,7.691914667957462,7.759529903996736,0.9999220155556703,0.0001562275574542582,0.01249910226593327,0.10760974884033203,0.0,0.9967858195304871,0.9998093035457463,0.9999237557750155,0.9997980066686437,0.9999220155556703,0.0001562275574542582,0.01249910226593327,0.10760974884033203,0.0,0.9967858195304871,0.9999530616468479,0.9999206503534249,0.9997980066686437,39.30474260571125,0.9783235346173128,0.0001173615237348713,0.01083335237749014,0.008235227316617966,0.08476579189300537,0.9998374168050222,0.167266845703125,0.0,45.95732221818747,0.9957730575064497,2.5366922272951342e-05,0.0050365585743592164,0.0036746482364833355,0.06100603938102722,0.9999627418707306,0.3510894775390625,1.52587890625e-05
1,dev_v1.1_004|S1,dev_v1.1_004,patient64558,0,S1,1911,500,1,1,7.759713271050714,0.0,0.0,1.0,5.468031171272435,0.0012192390357512299,0.2839205861091614,0.532841989814205,0.450173556804657,1.2814617156982422,0.3913182370532964,0.0021514892578125,0.0,42.25941102998887,0.9881377226470228,5.9437275922391564e-05,0.007709557440112342,0.005937558598816395,0.04847558215260506,0.9999185980524965,0.2226104736328125,0.0,7.692811085958965,7.755270891007967,0.9903769448739476,0.01843683049082756,0.13578229078501938,0.8096292018890381,0.0,1.0117892026901245,0.6753184020511896,0.9966431064482124,0.9759682403445531,0.9903771322677297,0.01843683049082756,0.13578229078501938,0.8096292018890381,0.0,1.0117894411087036,0.9964837797968937,0.9901067345835969,0.9759682403445528,31.565014473761824,0.9133426541664172,0.0006974266725592315,0.02640883701640857,0.019687199965119362,0.4275761842727661,0.9989611610201314,0.073089599609375,0.000396728515625,30.368842319416277,0.8598397013420808,0.0009185774251818657,0.03030804225254191,0.022945821285247803,0.4478915333747864,0.9986146865164139,0.0606842041015625,0.0,7.6897176979109645,7.7552988739917055,0.999921948635332,0.00015467291814275086,0.012436756737298951,0.10339236259460449,0.0,0.996743381023407,0.9997651898628387,0.9999261011223707,0.9997993017744836,0.9999222666930527,0.00015467291814275086,0.012436756737298951,0.10339236259460449,0.0,0.9967436194419861,0.9999722634920022,0.9999203810173725,0.9997993017744824,39.43714063773999,0.9775302378011822,0.00011383765377104282,0.010669472984690613,0.008170967921614647,0.082913339138031,0.999845132332448,0.164886474609375,0.0,46.517699485440936,0.9956385875902387,2.2296158931567334e-05,0.004721880867998189,0.0035660462453961372,0.054635584354400635,0.9999678536995754,0.3459014892578125,0.0
1,dev_v1.1_005|P,dev_v1.1_005,patient64562,0,P,1911,500,1,1,7.75501861795783,0.0,0.0,1.0,42.48500513372046,0.9891151757826748,5.642862743115984e-05,0.00751189905624136,0.005748754367232323,0.061505258083343506,0.9999232534918315,0.2294158935546875,0.0002593994140625,42.48500513372046,0.9891151757826748,5.642862743115984e-05,0.00751189905624136,0.005748754367232323,0.061505258083343506,0.9999232534918315,0.2294158935546875,0.0002593994140625,7.690835369052365,7.761583559913561,0.5771121113187997,0.7903984785079956,0.889043575145783,6.834164142608643,0.0,0.9932400584220886,0.984866428515025,0.5594805736822251,0.5234831606898033,0.5771121113187997,0.7903984785079956,0.889043575145783,6.834164142608643,0.0,0.9932400584220886,0.984866428515025,0.5594805736822251,0.5234831606898033,38.09720571654672,0.9794519287271098,0.0001549813459860161,0.012449150412217539,0.009211540222167969,0.12487750500440598,0.9997923780121739,0.15625,0.0,44.674044158153414,0.9960217446274362,3.408753400435671e-05,0.00583845304891259,0.004323001950979233,0.10495409369468689,0.9999540773068764,0.2959136962890625,0.0,7.699277722975239,7.761667073937133,0.6118040998087676,0.7245841026306152,0.8512250599169501,6.662160873413086,0.0,0.991877019405365,0.9864269049869908,0.595551166595703,0.6055471645976449,0.6118040998087676,0.7245841026306152,0.8512250599169501,6.662160873413086,0.0,0.991877019405365,0.9864269049869908,0.595551166595703,0.6055471645976449,38.09962656051694,0.9790796751598343,0.00015489498036913574,0.012445681193455653,0.009170625358819962,0.1327594816684723,0.9997912533910067,0.153594970703125,4.57763671875e-05,44.86067345611428,0.9960675720100388,3.26537192449905e-05,0.005714343290789459,0.004096015822142363,0.1128360778093338,0.9999558047001565,0.3368682861328125,4.57763671875e-05
1,dev_v1.1_005|S0,dev_v1.1_005,patient64562,0,S0,1911,500,1,1,7.760282801929861,0.0,0.0,1.0,5.2998162148755075,0.022841974902149,0.29513341188430786,0.5432618262719255,0.45071396231651306,1.3111965656280518,0.33863058065100776,0.0031280517578125,0.0,42.48500513372046,0.9891151757826748,5.642862743115984e-05,0.00751189905624136,0.005748754367232323,0.061505258083343506,0.9999232534918315,0.2294158935546875,0.0002593994140625,7.6941053529735655,7.759721420938149,0.9904132670679903,0.018194397911429405,0.13488661131272223,0.8442542552947998,0.0,1.0064541101455688,0.6632147304889261,0.996333884503171,0.976046102292519,0.9904132670679903,0.018194397911429405,0.13488661131272223,0.8442542552947998,0.0,1.0064541101455688,0.9954044310541681,0.990197322246598,0.976046102292519,32.45854065583635,0.9698109015955897,0.0005677353474311531,0.023827197641165296,0.014137613587081432,0.6971410512924194,0.9991557638208416,0.1077880859375,0.002960205078125,32.01121608175881,0.9477109524169012,0.0006293299375101924,0.02508644928064138,0.01578177884221077,0.7069756984710693,0.9990484141287287,0.090606689453125,0.000213623046875,7.6958042399492115,7.759093341999687,0.9999187737247618,0.00016197122749872506,0.01272679172056827,0.3898129463195801,0.0,0.9967858791351318,0.9998153074577334,0.9999200256279457,0.9997931842671686,0.9999187737247618,0.00016197122749872506,0.01272679172056827,0.3898129463195801,0.0,0.9967858791351318,0.9999422180000448,0.9999175934421086,0.9997931842671686,39.091247578245955,0.9786547269415693,0.0001232750655617565,0.0111029304943225,0.00857308879494667,0.09179472923278809,0.9998403010446906,0.1501312255859375,0.0,46.07495517658194,0.9963593988954318,2.468905586283654e-05,0.004968808294031532,0.0037541333585977554,0.0908661037683487,0.9999684514070311,0.3272857666015625,0.0
1,dev_v1.1_005|S1,dev_v1.1_005,patient64562,0,S1,1911,500,1,1,7.756991154979914,0.0,0.0,1.0,5.369627448387782,0.01335698280643977,0.29042717814445496,0.5389129597109861,0.4512983560562134,1.28885817527771,0.35968347648248394,0.0026092529296875,0.0,42.48500513372046,0.9891151757826748,5.642862743115984e-05,0.00751189905624136,0.005748754367232323,0.061505258083343506,0.9999232534918315,0.2294158935546875,0.0002593994140625,7.696194607065991,7.762156078009866,0.990295989015482,0.01854674145579338,0.13618642170125986,0.7812532186508179,0.0,1.0102787017822266,0.6784686459037134,0.9965722582990022,0.9758338079904767,0.9902959256984799,0.01854674145579338,0.13618642170125986,0.7812532186508179,0.0,1.0102789402008057,0.9962933643462243,0.9900386160035828,0.9758338079904763,32.81549915958475,0.9417785824908749,0.0005229378584772348,0.022867834582164417,0.015665588900446892,0.5576556324958801,0.9992197730944024,0.0950927734375,0.0009307861328125,31.360993392699392,0.8973609556629568,0.0007309718639589846,0.02703649133965028,0.019225556403398514,0.567310094833374,0.998895463375853,0.0750274658203125,0.0,7.692131808958948,7.758317144936882,0.9999283048781666,0.00014433309843298048,0.012013871084416566,0.10195732116699219,0.0,0.9967514872550964,0.9998499757313684,0.9999297406343522,0.9998144593538026,0.9999282413141005,0.00014433309843298048,0.012013871084416566,0.10195732116699219,0.0,0.9967517852783203,0.9999744019131646,0.9999262667042053,0.9998144593538039,39.58703440750581,0.9785982540981708,0.00010997565550496802,0.010486927839218119,0.008052429184317589,0.08730882406234741,0.9998515043259372,0.1668701171875,0.0,47.29447956907147,0.996330234986139,1.8644555893843062e-05,0.004317934216016157,0.0031974848825484514,0.0903937965631485,0.9999737323678519,0.3905181884765625,0.0
1,dev_v1.1_006|P,dev_v1.1_006,patient64568,0,P,1911,500,1,1,7.759948843042366,0.0,0.0,1.0,42.974801147409906,0.9913408796776775,5.041037002229132e-05,0.007100026057860021,0.005512515548616648,0.04972738027572632,0.9999313001702199,0.23382568359375,0.00067138671875,42.974801147409906,0.9913408796776775,5.041037002229132e-05,0.007100026057860021,0.005512515548616648,0.04972738027572632,0.9999313001702199,0.23382568359375,0.00067138671875,7.692458615056239,7.756373235024512,0.641564836229426,0.6697400808334351,0.8183764908851152,6.7389020919799805,0.0,0.9938318729400635,0.9868751385506164,0.6268577448438872,0.623098279483478,0.641564836229426,0.6697400808334351,0.8183764908851152,6.7389020919799805,0.0,0.9938318729400635,0.9868751385506164,0.6268577448438872,0.623098279483478,37.95525946973278,0.980693671430858,0.00016013049753382802,0.012654267957247785,0.0096581494435668,0.0997234582901001,0.9998039097815812,0.1367034912109375,0.0004119873046875,43.8605966226001,0.9956558331536253,4.1109324229182675e-05,0.006411655342357594,0.004935460165143013,0.05109524726867676,0.9999564769912274,0.247711181640625,0.0004730224609375,7.69268713099882,7.759221432963386,0.6714033010808361,0.6133168935775757,0.7831455123906257,6.871644020080566,0.0,0.9927211403846741,0.9893446838719057,0.6578786761065403,0.6966906564260708,0.6714033010808361,0.6133168935775757,0.7831455123906257,6.871644020080566,0.0,0.9927211403846741,0.9893446838719057,0.6578786761065403,0.6966906564260708,38.38507934682278,0.9811591828669444,0.00014504142745863646,0.012043314637533824,0.009086856618523598,0.09841418266296387,0.9998045457033707,0.1497955322265625,0.000579833984375,44.95815360597312,0.9960484536675341,3.1928950193105265e-05,0.0056505707847177055,0.004197011236101389,0.04978597164154053,0.9999573185803295,0.31121826171875,0.0006561279296875
1,dev_v1.1_006|S0,dev_v1.1_006,patient64568,0,S0,1911,500,1,1,7.755973306018859,0.0,0.0,1.0,5.227236124967306,0.011824725305703266,0.3001071810722351,0.5478203912526761,0.4606932997703552,1.3687220811843872,0.3199077136239666,0.0031585693359375,0.0,42.974801147409906,0.9913408796776775,5.041037002229132e-05,0.007100026057860021,0.005512515548616648,0.04972738027572632,0.9999313001702199,0.23382568359375,0.00067138671875,7.68827226490248,7.756562054040842,0.9886339691943046,0.021710174158215523,0.14734372792289302,0.8291912078857422,0.0,1.0108200311660767,0.6162915343735398,0.9957850182279413,0.9724811535022896,0.9886339691943046,0.021710174158215523,0.14734372792289302,0.8291912078857422,0.0,1.0108200311660767,0.9949382708312801,0.988363357837003,0.9724811535022896,30.4295497183641,0.9272002647774319,0.0009058265131898224,0.03009695189200764,0.02114633470773697,0.7192801833152771,0.9986546154485452,0.069122314453125,0.0008544921875,29.56238457665087,0.8900063669712325,0.0011060163378715515,0.0332568239294066,0.02392841875553131,0.7362112402915955,0.9983655328825691,0.059326171875,0.00054931640625,7.6904627460753545,7.755059306975454,0.9999196556452405,0.0001608499005669728,0.012682661414978041,0.08831846714019775,0.0,0.9967788457870483,0.9997767204459123,0.9999213835716212,0.9998023727205225,0.9999196556452405,0.0001608499005669728,0.012682661414978041,0.08831846714019775,0.0,0.9967788457870483,0.9999495684905481,0.9999181447704591,0.9998023727205225,38.55114986993715,0.9796065657881995,0.00013959986972622573,0.011815238877239247,0.008426794782280922,0.530498743057251,0.9998054142869652,0.1634063720703125,0.0006256103515625,43.06022652670034,0.994799808102761,4.9428490456193686e-05,0.007030539841021718,0.004160190932452679,0.5038164854049683,0.9999278728590965,0.3212738037109375,0.0007171630859375
1,dev_v1.1_006|S1,dev_v1.1_006,patient64568,0,S1,1911,500,1,1,7.756763800978661,0.0,0.0,1.0,5.3291772829504644,0.009743692834088142,0.2931448519229889,0.5414285289149334,0.4535217881202698,1.3156676292419434,0.35510961531595664,0.0027618408203125,0.0,42.974801147409906,0.9913408796776775,5.041037002229132e-05,0.007100026057860021,0.005512515548616648,0.04972738027572632,0.9999313001702199,0.23382568359375,0.00067138671875,7.68929106707219,7.757315201102756,0.9894492671843657,0.02014443278312683,0.14193108462604953,1.0172251462936401,0.0,1.0104460716247559,0.6447187444321489,0.99625006740169,0.9747069222184434,0.9894497031479824,0.02014443278312683,0.14193108462604953,1.0172251462936401,0.0,1.0104464292526245,0.9959037965458013,0.9891737850348673,0.9747069222184425,31.524325800725105,0.9366256199456782,0.0007039915071800351,0.02653283827976259,0.01880127377808094,0.5978437662124634,0.9989473547020091,0.0818328857421875,0.0002593994140625,30.450257464039364,0.9001851191361292,0.000901517691090703,0.030025284196668365,0.021733354777097702,0.6147748231887817,0.9986474768411759,0.0653839111328125,0.0001373291015625,7.691997585003264,7.7571099429624155,0.9999222610704817,0.00015525217168033123,0.012460022940602125,0.10683369636535645,0.0,0.9967430233955383,0.9997580379681796,0.9999257114438515,0.9998061327611241,0.9999226427378262,0.00015525217168033123,0.012460022940602125,0.10683369636535645,0.0,0.9967433214187622,0.9999699575898079,0.9999205936490442,0.9998061327611245,39.38432809449968,0.9801712123698548,0.00011523043212946504,0.010734543871514292,0.008157074451446533,0.15720492601394653,0.9998408545679578,0.166107177734375,0.0006103515625,45.967884096811645,0.9957132145299148,2.530530582589563e-05,0.005030437935796011,0.0036551777739077806,0.1305227279663086,0.9999637649005607,0.35369873046875,0.0007171630859375
1,dev_v1.1_007|P,dev_v1.1_007,patient64575,0,P,1911,500,1,1,7.761231204029173,0.0,0.0,1.0,42.60346624736842,0.9905137792773933,5.491024421644397e-05,0.007410144682558092,0.005597461946308613,0.16395063698291779,0.9999254042097816,0.2347412109375,0.0006256103515625,42.60346624736842,0.9905137792773933,5.491024421644397e-05,0.007410144682558092,0.005597461946308613,0.16395063698291779,0.9999254042097816,0.2347412109375,0.0006256103515625,7.692491973983124,7.757506163907237,0.6276003047853641,0.6946954131126404,0.8334839009318898,7.0730390548706055,0.0,0.9937090277671814,0.988754915072603,0.6118233686167538,0.5873216930773998,0.6276003047853641,0.6946954131126404,0.8334839009318898,7.0730390548706055,0.0,0.9937090277671814,0.988754915072603,0.6118233686167538,0.5873216930773998,37.45046159055313,0.9787687894621997,0.00017986797320190817,0.0134114866141643,0.009707087650895119,0.37947219610214233,0.9997733147818305,0.1443634033203125,0.0002288818359375,43.3049753154507,0.9956341438707267,4.67199606646318e-05,0.006835200118843032,0.004801827948540449,0.24497908353805542,0.9999452208638724,0.2663421630859375,0.0003204345703125,7.692506198887713,7.757362522999756,0.6632286243541995,0.62753826379776,0.792173127414557,7.70681095123291,0.0,0.9925841689109802,0.9913674821738636,0.6488910075852387,0.6694313423475075,0.6632286243541995,0.62753826379776,0.792173127414557,7.70681095123291,0.0,0.9925841689109802,0.9913674821738636,0.6488910075852387,0.6694313423475075,37.747340597688286,0.9786653454242368,0.000167983234860003,0.012960834651364201,0.009302589111030102,0.3733065128326416,0.9997738961892342,0.1479949951171875,0.000518798828125,44.0043568336756,0.9956244378533315,3.9770799048710614e-05,0.006306409362601718,0.004296591971069574,0.23490899801254272,0.9999458808322986,0.3077545166015625,0.000579833984375
1,dev_v1.1_007|S0,dev_v1.1_007,patient64575,0,S0,1911,500,1,1,7.753890944062732,0.0,0.0,1.0,5.6794278886312535,0.025624907019707856,0.2704314589500427,0.5200302481106678,0.44563382863998413,1.2778944969177246,0.4600840433074195,0.0021209716796875,0.0,42.60346624736842,0.9905137792773933,5.491024421644397e-05,0.007410144682558092,0.005597461946308613,0.16395063698291779,0.9999254042097816,0.2347412109375,0.0006256103515625,7.691297345096245,7.755977618973702,0.9907272702835165,0.017556263133883476,0.13250004956181516,0.8018383979797363,0.0,1.0063912868499756,0.7023887453467257,0.9959449576937345,0.9775992246759265,0.9907272702835165,0.017556263133883476,0.13250004956181516,0.8018383979797363,0.0,1.0063912868499756,0.9957657881284055,0.9905059023266776,0.9775992246759265,32.87771554208782,0.9697318089765877,0.0005154997343197465,0.022704619228688827,0.015520984306931496,0.4077322483062744,0.9992423919377994,0.10540771484375,0.001220703125,32.23537249373821,0.9516267450764847,0.000597671780269593,0.02444732664872773,0.016928117722272873,0.36813604831695557,0.9991378525529026,0.0936737060546875,0.00067138671875,7.692162091028877,7.755129118915647,0.9999207452595917,0.00015722907846793532,0.01253910198012343,0.11672568321228027,0.0,0.9967883825302124,0.999841264289577,0.9999227365534078,0.9998075670795643,0.9999207452595917,0.00015722907846793532,0.01253910198012343,0.11672568321228027,0.0,0.9967883825302124,0.9999556589568005,0.9999193375008736,0.9998075670795643,38.43109693390928,0.9771897233365295,0.0001435126905562356,0.011979678232583528,0.008464068174362183,0.3937094211578369,0.9997983988130641,0.164215087890625,0.0003814697265625,43.92500671328187,0.994849139912862,4.050413190270774e-05,0.006364285655335384,0.004029434639960527,0.25546711683273315,0.9999396921020777,0.3383331298828125,0.0004119873046875
1,dev_v1.1_007|S1,dev_v1.1_007,patient64575,0,S1,1911,500,1,1,7.753331548999995,0.0,0.0,1.0,5.561067796521644,0.01241082276727105,0.2779029905796051,0.5271650506052209,0.4403114318847656,1.2946577072143555,0.42734065931187376,0.00274658203125,0.0,42.60346624736842,0.9905137792773933,5.491024421644397e-05,0.007410144682558092,0.005597461946308613,0.16395063698291779,0.9999254042097816,0.2347412109375,0.0006256103515625,7.693239694926888,7.755960682989098,0.9907635649941848,0.017607329413294792,0.13269261250459571,0.7465000152587891,0.0,1.0100438594818115,0.6598935962311694,0.9967808320188051,0.9778958823956028,0.9907638164882798,0.017607329413294792,0.13269261250459571,0.7465000152587891,0.0,1.0100433826446533,0.9966174293272407,0.9905089318186694,0.9778958823956032,31.76040000380826,0.9437652173373694,0.0006667453562840819,0.025821412747641867,0.017999405041337013,0.42117661237716675,0.9990025103831103,0.0982513427734375,0.00091552734375,30.76708604220192,0.9069875949005626,0.0008380914223380387,0.028949808675327003,0.020689912140369415,0.3815804123878479,0.9987424094724441,0.0776214599609375,0.00042724609375,7.690232047927566,7.758182588033378,0.9999208061891716,0.00015810011245775968,0.012573786719113685,0.10079717636108398,0.0,0.9967538714408875,0.999698938895692,0.999924701554774,0.9998032029956716,0.9999203602418449,0.00015810009790584445,0.012573786140452861,0.10079717636108398,0.0,0.9967538118362427,0.9999696044128313,0.9999188704748511,0.9998032029956703,39.1232857086244,0.9772166257999243,0.00012236900511197746,0.011062052481884972,0.008293278515338898,0.14986813068389893,0.9998320597565835,0.165679931640625,0.0004730224609375,44.671530403193046,0.9945956689550483,3.4107270039385185e-05,0.005840142981073767,0.003775914665311575,0.24507687985897064,0.9999499359116639,0.3526763916015625,0.0005035400390625
1,dev_v1.1_008|P,dev_v1.1_008,patient64576,0,P,1911,500,1,1,7.757870280998759,0.0,0.0,1.0,42.11033520517206,0.9831800075426099,6.151293928269297e-05,0.007843018505823696,0.006194188259541988,0.07493259012699127,0.9999164526026632,0.2036285400390625,7.62939453125e-05,42.11033520517206,0.9831800075426099,6.151293928269297e-05,0.007843018505823696,0.006194188259541988,0.07493259012699127,0.9999164526026632,0.2036285400390625,7.62939453125e-05,7.6896397629752755,7.7572684769984335,0.4735285402993566,0.9866896867752075,0.993322549213098,6.694849014282227,0.0,0.992222011089325,0.9888790401610653,0.4504261096843134,0.4368845712789926,0.4735285402993566,0.9866896867752075,0.993322549213098,6.694849014282227,0.0,0.992222011089325,0.9888790401610653,0.4504261096843134,0.4368845712789926,38.22593789664328,0.9690763942114798,0.00015045485633891076,0.012266004090122861,0.009535485878586769,0.18647298216819763,0.999798257590727,0.1320648193359375,3.0517578125e-05,44.460494584526664,0.9929538003928036,3.5805565858026966e-05,0.005983775217872658,0.004613982979208231,0.11198705434799194,0.9999501481892574,0.260406494140625,4.57763671875e-05,7.6920663740020245,7.7568186490098014,0.4874472918036195,0.9593859910964966,0.979482511889057,8.40178108215332,0.0,0.9909413456916809,0.9884939365909223,0.4648578205582379,0.5040447562766857,0.4874472918036195,0.9593859910964966,0.979482511889057,8.40178108215332,0.0,0.9909413456916809,0.9884939365909223,0.4648578205582379,0.5040447562766857,38.22465274189778,0.9693653018671696,0.00015049938519950956,0.012267819088962371,0.00941500999033451,0.22604471445083618,0.999803966053485,0.1383819580078125,3.0517578125e-05,44.903718517011356,0.9936781229340268,3.233167080907151e-05,0.005686094512850759,0.004167097620666027,0.1515587866306305,0.9999582593818152,0.3060760498046875,4.57763671875e-05
1,dev_v1.1_008|S0,dev_v1.1_008,patient64576,0,S0,1911,500,1,1,7.754538809065707,0.0,0.0,1.0,5.22382217095791,0.004317166385162949,0.30034318566322327,0.5480357521760996,0.4647236764431,1.3300690650939941,0.3137519290862083,0.0022430419921875,0.0,42.11033520517206,0.9831800075426099,6.151293928269297e-05,0.007843018505823696,0.006194188259541988,0.07493259012699127,0.9999164526026632,0.2036285400390625,7.62939453125e-05,7.69226051797159,7.75395554699935,0.9892800498381777,0.020410791039466858,0.14286633977066418,1.0278654098510742,0.0,1.0062432289123535,0.6379566331456721,0.9959299623785124,0.9726056801383309,0.9892800498381777,0.020410791039466858,0.14286633977066418,1.0278654098510742,0.0,1.0062432289123535,0.9950870813800066,0.9890192273307155,0.9726056801383309,31.177116268827184,0.9619656346062911,0.0007625852013006806,0.027614945252538173,0.0186004675924778,0.709227979183197,0.9988745170305455,0.0853424072265625,0.000244140625,30.538257345470498,0.9222771944168664,0.0008834343170747161,0.029722622984432515,0.02110840380191803,0.7029871344566345,0.998664179699459,0.0687103271484375,0.0,7.6919911679578945,7.755760032101534,0.9999384558652573,0.00012546411016955972,0.011201076295140557,0.10401153564453125,0.0,0.9968229532241821,0.9997757636693744,0.9999413874681254,0.999837976163194,0.9999384558652573,0.00012546411016955972,0.011201076295140557,0.10401153564453125,0.0,0.9968229532241821,0.9999651712739267,0.9999371345199513,0.999837976163194,38.46420803891606,0.9661542115150127,0.00014242269389797002,0.01193409795074475,0.008931353688240051,0.25493133068084717,0.9997991015324129,0.148468017578125,1.52587890625e-05,44.194324755046416,0.9940047905732848,3.806865424849093e-05,0.00616998008493471,0.003855775808915496,0.24869048595428467,0.9999432023559193,0.3491973876953125,3.0517578125e-05
1,dev_v1.1_008|S1,dev_v1.1_008,patient64576,0,S1,1911,500,1,1,7.757078645052388,0.0,0.0,1.0,5.290130313543139,-0.0004625296098697512,0.2957923710346222,0.5438679720618067,0.46877390146255493,1.3075445890426636,0.33661772416902597,0.0018310546875,0.0,42.11033520517206,0.9831800075426099,6.151293928269297e-05,0.007843018505823696,0.006194188259541988,0.07493259012699127,0.9999164526026632,0.2036285400390625,7.62939453125e-05,7.6910533119225875,7.756358985090628,0.9902795847421514,0.018659772351384163,0.1366007772722548,0.9391424655914307,0.0,1.0105705261230469,0.6422986281289024,0.9971543067517755,0.9751669913796748,0.9902789626138496,0.018659774214029312,0.13660078409009704,0.9391424655914307,0.0,1.0105704069137573,0.9963032279390298,0.9900081478762526,0.975166991379675,31.42238558236269,0.9122360458098928,0.0007207114831544459,0.02684607016221268,0.019410116598010063,0.30025118589401245,0.998918617437672,0.077545166015625,0.000152587890625,30.02437204421339,0.8438130562698923,0.0009944038465619087,0.03153416950804173,0.023615099489688873,0.3115587830543518,0.9985081503553669,0.05950927734375,0.0,7.692799548967741,7.757475415011868,0.9999489005869467,0.00010669860057532787,0.010329501467899014,0.08169960975646973,0.0,0.9967728853225708,0.9998245531413588,0.999951124695455,0.9998638724558669,0.9999483940415697,0.00010669860785128549,0.010329501820092075,0.08169960975646973,0.0,0.996772825717926,0.9999804663229779,0.9999465298607566,0.9998638724558669,38.653193035629,0.9656801529126655,0.00013635802315548062,0.011677243816735208,0.00892041064798832,0.1962827444076538,0.9998127972518637,0.148040771484375,1.52587890625e-05,45.70406783945138,0.994024468966817,2.6890149456448853e-05,0.005185571275804514,0.003528445726260543,0.12179682403802872,0.9999613206748313,0.375,3.0517578125e-05
1,dev_v1.1_009|P,dev_v1.1_009,patient64584,0,P,1911,500,1,1,7.770462537999265,0.0,0.0,1.0,42.74353555730602,0.9858858852240495,5.316752503858879e-05,0.007291606478588158,0.00569967832416296,0.043008118867874146,0.9999283313635643,0.223358154296875,0.0009918212890625,42.74353555730602,0.9858858852240495,5.316752503858879e-05,0.007291606478588158,0.00569967832416296,0.043008118867874146,0.9999283313635643,0.223358154296875,0.0009918212890625,7.691083326935768,7.757566665997729,0.32669369390780534,1.2563552856445312,1.1208725554872558,7.6854143142700195,0.0,0.9944332242012024,0.9775032442087844,0.2994283146024336,0.41214957825851406,0.32669369390780534,1.2563552856445312,1.1208725554872558,7.6854143142700195,0.0,0.9944332242012024,0.9775032442087844,0.2994283146024336,0.41214957825851406,37.99804618346641,0.9760660964956762,0.0001585606369189918,0.012592086281430563,0.00984444934874773,0.08743289113044739,0.9998162907820499,0.1157684326171875,0.0009307861328125,43.35911473766194,0.993581698065376,4.6141161874402314e-05,0.006792728603028559,0.0054648686200380325,0.04442477226257324,0.9999542547594036,0.204071044921875,0.0010833740234375,7.691624155966565,7.757007841952145,0.31997528793692204,1.2673239707946777,1.1257548448906083,7.835589408874512,0.0,0.9931939840316772,0.9781632939126662,0.29231513369655154,0.4772261254961987,0.31997528793692204,1.2673239707946777,1.1257548448906083,7.835589408874512,0.0,0.9931939840316772,0.9781632939126662,0.29231513369655154,0.4772261254961987,38.79421134058214,0.9772867915667935,0.0001320014998782426,0.01148919056671281,0.00871358998119831,0.08499342203140259,0.9998259417837655,0.155670166015625,0.00103759765625,45.36388485635074,0.9947248373644662,2.9081145839882083e-05,0.005392693746160826,0.00409231660887599,0.04198530316352844,0.9999618087140805,0.30419921875,0.0011138916015625
1,dev_v1.1_009|S0,dev_v1.1_009,patient64584,0,S0,1911,500,1,1,7.773655278957449,0.0,0.0,1.0,5.2219475563972555,0.02602255331098211,0.30047285556793213,0.5481540436482542,0.45152896642684937,1.3170334100723267,0.3177812496420178,0.0024566650390625,0.0,42.74353555730602,0.9858858852240495,5.316752503858879e-05,0.007291606478588158,0.00569967832416296,0.043008118867874146,0.9999283313635643,0.223358154296875,0.0009918212890625,7.704500820953399,7.7621021249797195,0.9911498419355602,0.016780009493231773,0.1295376759604393,0.7276884317398071,0.0,1.0073633193969727,0.695969693225425,0.9962946855121145,0.978211814460246,0.9911498419355602,0.016780009493231773,0.1295376759604393,0.7276884317398071,0.0,1.0073633193969727,0.9961864341169597,0.9909394745809957,0.978211814460246,32.72196331847451,0.9436264674444161,0.0005343227530829608,0.023115422407625624,0.01635776460170746,0.6745097637176514,0.9992204942064935,0.087249755859375,0.000457763671875,31.92095902519991,0.9017774953467254,0.0006425458122976124,0.025348487376914867,0.018251430243253708,0.665840744972229,0.9990349664976724,0.077392578125,0.00030517578125,7.6918751479825005,7.758333618054166,0.9999186699502931,0.0001620895491214469,0.0127314393970771,0.10073494911193848,0.0,0.9967713356018066,0.9997718896465291,0.9999209569939369,0.9997971872196847,0.9999186699502931,0.0001620895491214469,0.0127314393970771,0.10073494911193848,0.0,0.9967713356018066,0.9999427797104535,0.9999171678828994,0.9997971872196847,39.63412235862714,0.9725317449409233,0.00010878969624172896,0.010430229922764357,0.008154532872140408,0.07378789782524109,0.9998520204098901,0.1559600830078125,0.0010223388671875,46.30233332630123,0.9942293619572754,2.34296967391856e-05,0.004840423198356276,0.0036348924040794373,0.042819440364837646,0.9999663637122375,0.347900390625,0.0010986328125
1,dev_v1.1_009|S1,dev_v1.1_009,patient64584,0,S1,1911,500,1,1,7.757938451948576,0.0,0.0,1.0,5.3811164225176675,0.014295846567714836,0.28965988755226135,0.5382006015903934,0.4483354687690735,1.277356743812561,0.37076388313594566,0.002593994140625,0.0,42.74353555730602,0.9858858852240495,5.316752503858879e-05,0.007291606478588158,0.00569967832416296,0.043008118867874146,0.9999283313635643,0.223358154296875,0.0009918212890625,7.690425276989117,7.756742299068719,0.9901395893908828,0.01890641450881958,0.1375005982125881,0.8046029806137085,0.0,1.0131340026855469,0.654783052406937,0.9967692625474759,0.9758818123247222,0.9901390281026098,0.01890641450881958,0.1375005982125881,0.8046029806137085,0.0,1.0131338834762573,0.9963038039107512,0.9898806244464807,0.975881812324723,31.02214307251023,0.871622444939219,0.0007902885554358363,0.02811207134730268,0.021315595135092735,0.27729472517967224,0.9988208399494541,0.06585693359375,4.57763671875e-05,29.671915449270898,0.8025170562494535,0.001078470959328115,0.03284008159746432,0.02515653520822525,0.2686256766319275,0.9983899817589691,0.0548248291015625,0.0,7.690772796981037,7.757021540077403,0.999928929322474,0.00014397395716514438,0.011998914832814856,0.10333371162414551,0.0,0.9967368841171265,0.9997740790111511,0.9999309162569716,0.9998181844376458,0.9999284831479653,0.0001439739717170596,0.011998915439199478,0.10333371162414551,0.0,0.996736466884613,0.9999703808199967,0.9999263292586571,0.9998181844376446,39.684572089316845,0.9725183364058969,0.00010753325477708131,0.01036982424041417,0.008017132058739662,0.06860172748565674,0.9998538187149509,0.158477783203125,0.0010528564453125,46.83468993492493,0.9942358280644553,2.072674033115618e-05,0.004552662993365111,0.0033592055551707745,0.06594908237457275,0.9999704120140533,0.371795654296875,0.0011138916015625
1,dev_v1.1_010|P,dev_v1.1_010,patient64545,1,P,1911,500,1,1,7.761054000933655,0.0,0.0,1.0,42.12111517230614,0.9809968202049285,6.13604424870573e-05,0.007833290655085976,0.006023052614182234,0.047509610652923584,0.99991692015291,0.2308502197265625,0.0,42.12111517230614,0.9809968202049285,6.13604424870573e-05,0.007833290655085976,0.006023052614182234,0.047509610652923584,0.99991692015291,0.2308502197265625,0.0,7.97058190300595,7.755572129972279,0.04138679711928884,1.7900128364562988,1.337913613226317,8.519180297851562,0.0,0.9947577714920044,0.9687836553198917,0.00027615745030412604,0.29590295810542033,0.04138679711928884,1.7900128364562988,1.337913613226317,8.519180297851562,0.0,0.9947577714920044,0.9687836553198917,0.00027615745030412604,0.29590295810542033,38.291448647535006,0.971341332901046,0.00014820236538071185,0.012173839385366963,0.008913900703191757,0.10255104303359985,0.9997964442478418,0.152801513671875,1.52587890625e-05,44.01005814704079,0.99068758023312,3.9718623156659305e-05,0.006302271269682011,0.0046833050437271595,0.07664263248443604,0.999941774360028,0.2672271728515625,0.0,7.693020410020836,7.758572535007261,0.003567626731769083,1.858166217803955,1.3631457067400958,9.335874557495117,0.0,0.993431806564331,0.9673106077443606,-0.039319676258949575,0.35742883883663434,0.003567626731769083,1.858166217803955,1.3631457067400958,9.335874557495117,0.0,0.993431806564331,0.9673106077443606,-0.039319676258949575,0.35742883883663434,38.112314495462584,0.9710885586067052,0.0001544431142974645,0.012427514405441842,0.008984619751572609,0.12579363584518433,0.9997978387931418,0.1661834716796875,0.0,43.98095001297557,0.9910547016273238,3.9985727198654786e-05,0.006323426855642025,0.004495195113122463,0.09988522529602051,0.9999461140792067,0.30438232421875,0.0
1,dev_v1.1_010|S0,dev_v1.1_010,patient64545,1,S0,1911,500,1,1,7.760988080990501,0.0,0.0,1.0,5.11271524295208,0.006238373324907522,0.3081260919570923,0.5550910663639727,0.4578929543495178,1.2883728742599487,0.2789391500999668,0.002166748046875,0.0,42.12111517230614,0.9809968202049285,6.13604424870573e-05,0.007833290655085976,0.006023052614182234,0.047509610652923584,0.99991692015291,0.2308502197265625,0.0,7.691263198037632,7.762780838063918,0.9913223051627532,0.016447756439447403,0.12824880677592054,0.8886706829071045,0.0,1.0069618225097656,0.7007415300822168,0.9964091950733667,0.9788727318308192,0.9913223051627532,0.016447756439447403,0.12824880677592054,0.8886706829071045,0.0,1.0069618225097656,0.9962408968301479,0.9911075050432172,0.9788727318308192,32.55787617257671,0.942833259054256,0.0005548970075324178,0.0235562519839727,0.015705468133091927,0.6143791079521179,0.9991825557964328,0.088287353515625,0.0,31.813041557592946,0.89443663881062,0.0006587124080397189,0.02566539319861901,0.017696157097816467,0.6259598731994629,0.9990041541565394,0.082489013671875,0.0,7.69362174498383,7.768827336956747,0.9999218843383578,0.00015704668476246297,0.012531826872505978,0.1095128059387207,1.52587890625e-05,0.9967204928398132,0.9997798883065223,0.9999238001567503,0.9998037259710102,0.9999218843383578,0.00015704668476246297,0.012531826872505978,0.1095128059387207,1.52587890625e-05,0.9967204928398132,0.999946763007093,0.9999206326449707,0.9998037259710102,37.56110781841707,0.968279411549873,0.0001753433170961216,0.013241726363889325,0.008176437579095364,0.4894794523715973,0.9997544189531757,0.1644134521484375,0.0,40.811630465522306,0.9926268767439695,8.295392763102427e-05,0.009107904678411181,0.003695450956001878,0.46122339367866516,0.9998760825963197,0.3545989990234375,0.0
1,dev_v1.1_010|S1,dev_v1.1_010,patient64545,1,S1,1911,500,1,1,7.754211799940094,0.0,0.0,1.0,5.536332724739925,0.01781049813057497,0.27949029207229614,0.5286684141050003,0.44634735584259033,1.278064250946045,0.41450081592843036,0.0020904541015625,0.0,42.12111517230614,0.9809968202049285,6.13604424870573e-05,0.007833290655085976,0.006023052614182234,0.047509610652923584,0.99991692015291,0.2308502197265625,0.0,7.695354160969146,7.757251697010361,0.9909658322716732,0.01725422963500023,0.13135535632398182,0.6635251045227051,0.0,1.0108826160430908,0.6756846816060309,0.9969648741838231,0.9780823654610615,0.9909657688808922,0.01725422777235508,0.1313553492338819,0.6635251045227051,0.0,1.0108827352523804,0.9966688634303005,0.9907151862442385,0.9780823654610615,31.94572114004513,0.8865011742590003,0.0006388926412910223,0.0252763257078837,0.018683411180973053,0.4793021082878113,0.9990439839918152,0.0708160400390625,0.000244140625,30.564163865150206,0.8070345101514144,0.000878180144354701,0.029634104412900705,0.02230682596564293,0.49088290333747864,0.9986759844791062,0.0587615966796875,0.0,7.692835091962479,7.762375803897157,0.9999289597832732,0.00014330371050164104,0.011970952781697915,0.10204195976257324,0.0,0.9967620968818665,0.9998197709089334,0.9999310672378843,0.9998202100400982,0.9999287049304777,0.00014330371050164104,0.011970952781697915,0.10204195976257324,0.0,0.9967623353004456,0.999972884807885,0.9999268203439444,0.9998202100400985,39.55557958063143,0.9693876167126914,0.00011077507224399596,0.010524973740774652,0.007897774688899517,0.14193397760391235,0.9998525646027748,0.1681976318359375,1.52587890625e-05,46.1962676201507,0.9939562292356849,2.400895391474478e-05,0.004899893255443917,0.0033088112249970436,0.12898015975952148,0.999965429609314,0.37139892578125,0.0
1,dev_v1.1_011|P,dev_v1.1_011,patient64548,1,P,1911,500,1,1,7.766218645963818,0.0,0.0,1.0,41.695320103690676,0.9762478524729274,6.768119055777788e-05,0.008226857878788102,0.006399422883987427,0.05267629027366638,0.9999081089997598,0.203826904296875,0.0,41.695320103690676,0.9762478524729274,6.768119055777788e-05,0.008226857878788102,0.006399422883987427,0.05267629027366638,0.9999081089997598,0.203826904296875,0.0,7.695769132929854,7.76581911300309,0.012254587831228915,1.8511431217193604,1.3605672058811944,9.370161056518555,0.0,0.9949959516525269,0.9603879880514109,-0.029873179788422462,0.30637349034298117,0.012254587831228915,1.8511431217193604,1.3605672058811944,9.370161056518555,0.0,0.9949959516525269,0.9603879880514109,-0.029873179788422462,0.30637349034298117,37.8774182518527,0.9724505348669413,0.00016302648873534054,0.012768182671599767,0.009404955431818962,0.11652481555938721,0.9997946016077469,0.16107177734375,0.0,43.40661380391167,0.9900302003981765,4.5639262680197135e-05,0.006755683731510611,0.005106263794004917,0.06393346190452576,0.9999426584708678,0.2499237060546875,1.52587890625e-05,7.694117416976951,7.771787470090203,-0.021559345680963043,1.9129694700241089,1.3831013954241058,9.839115142822266,0.0,0.9941896796226501,0.9634394995930108,-0.06533991192273222,0.361812277591899,-0.021559345680963043,1.9129694700241089,1.3831013954241058,9.839115142822266,0.0,0.9941896796226501,0.9634394995930108,-0.06533991192273222,0.361812277591899,37.87000214170405,0.970002917364142,0.00016330511425621808,0.012779088944686866,0.00927954912185669,0.14292019605636597,0.9997851987253744,0.1690826416015625,0.0,43.31820932404004,0.9887474864506923,4.65778102807235e-05,0.006824793790344401,0.004917161539196968,0.13293975591659546,0.9999363973891128,0.268646240234375,1.52587890625e-05
1,dev_v1.1_011|S0,dev_v1.1_011,patient64548,1,S0,1911,500,1,1,7.7729853299679235,0.0,0.0,1.0,5.3681521407940656,0.016673426250232812,0.2905258536338806,0.5390045024244979,0.4535229802131653,1.3214284181594849,0.36258705234617655,0.00341796875,0.0,41.695320103690676,0.9762478524729274,6.768119055777788e-05,0.008226857878788102,0.006399422883987427,0.05267629027366638,0.9999081089997598,0.203826904296875,0.0,7.692461005994119,7.780589043046348,0.9889792526854472,0.021045450121164322,0.1450705005201413,0.8285002708435059,0.0,1.0096302032470703,0.6358502999502211,0.9959811952244392,0.9730555959295026,0.9889792526854472,0.021045450121164322,0.1450705005201413,0.8285002708435059,0.0,1.0096302032470703,0.9954232402071066,0.9886936144708851,0.9730555959295026,30.639930154010674,0.8811298971093828,0.0008629924268461764,0.02937673274627688,0.020493874326348305,0.4857408106327057,0.9987099900313747,0.073028564453125,0.00091552734375,29.599451320244995,0.7931796079154863,0.0010966167319566011,0.03311520393952906,0.02405751310288906,0.4732789695262909,0.9983462749688561,0.0579833984375,0.0,7.707213151967153,7.7746325369225815,0.9999283141969066,0.00014432452735491097,0.01201351436320409,0.11399149894714355,0.0,0.9967883229255676,0.9998235882596027,0.9999303789084355,0.9998204949246804,0.9999283141969066,0.00014432452735491097,0.01201351436320409,0.11399149894714355,0.0,0.9967883229255676,0.9999578126335855,0.9999266561226554,0.9998204949246804,38.13879585075207,0.9623602723924837,0.00015350425383076072,0.012389683362812817,0.008303460665047169,0.49765217304229736,0.9997877574776642,0.160614013671875,0.0,42.01728868738944,0.9913805934975349,6.284505798248574e-05,0.00792748749494351,0.003999216482043266,0.47553497552871704,0.9999067589734795,0.3199310302734375,0.0
1,dev_v1.1_011|S1,dev_v1.1_011,patient64548,1,S1,1911,500,1,1,7.78951259306632,0.0,0.0,1.0,5.332007034796407,0.014869236932087382,0.2929539084434509,0.5412521671489648,0.4552688002586365,1.321151852607727,0.3524537561289155,0.002227783203125,0.0,41.695320103690676,0.9762478524729274,6.768119055777788e-05,0.008226857878788102,0.006399422883987427,0.05267629027366638,0.9999081089997598,0.203826904296875,0.0,7.69274582399521,7.754544546944089,0.9907766630338489,0.01749623566865921,0.13227333695291432,0.8140707015991211,0.0,1.0054829120635986,0.6944406265456792,0.9961667046562405,0.9775302831633705,0.990776726560317,0.01749623566865921,0.13227333695291432,0.8140707015991211,0.0,1.0054830312728882,0.9964787380320745,0.9905251139526677,0.9775302831633699,34.490657231968235,0.9637068987434143,0.00035557750379666686,0.01885676281328974,0.012277211993932724,0.5367600917816162,0.9994788197852501,0.12640380859375,0.00018310546875,33.62441673910234,0.9171800850579351,0.0004340685554780066,0.02083431197515307,0.014454321935772896,0.5146429538726807,0.9993445012565377,0.099151611328125,0.0,7.694180754944682,7.758024887996726,0.9999256498259184,0.00014931728946976364,0.012219545387196842,0.31052470207214355,0.0,0.9968206286430359,0.999713615421922,0.9999289018494221,0.9998107717057326,0.9999257768022729,0.00014931728946976364,0.012219545387196842,0.31052470207214355,0.0,0.9968206286430359,0.9999728322314672,0.9999234102199679,0.9998107717057348,39.39217417781851,0.9628910243790247,0.000115022441605106,0.010724851588954787,0.008166033774614334,0.10477954149246216,0.9998461308372935,0.1639556884765625,0.0,46.403781102213614,0.9926169799569091,2.2888740204507485e-05,0.004784217825779621,0.0034818085841834545,0.061880648136138916,0.999967264523482,0.3569183349609375,0.0
1,dev_v1.1_012|P,dev_v1.1_012,patient64552,1,P,1911,500,1,1,7.758801870048046,0.0,0.0,1.0,40.604646921503786,0.9776617448434436,8.700321632204577e-05,0.00932755146445442,0.005628182087093592,0.6066082715988159,0.999879700084506,0.231475830078125,0.0,40.604646921503786,0.9776617448434436,8.700321632204577e-05,0.00932755146445442,0.005628182087093592,0.6066082715988159,0.999879700084506,0.231475830078125,0.0,7.693616367061622,7.75834581698291,-0.06849821878127421,1.9994031190872192,1.4140025173553332,9.741839408874512,0.0,0.9954333901405334,0.9521134931182791,-0.11309726133018218,0.3203250291326021,-0.06849821878127421,1.9994031190872192,1.4140025173553332,9.741839408874512,0.0,0.9954333901405334,0.9521134931182791,-0.11309726133018218,0.3203250291326021,37.05516544403285,0.9709105774073966,0.000197007815586403,0.014035947263594396,0.007974383421242237,0.5849374532699585,0.9997313710551367,0.1715850830078125,1.52587890625e-05,40.93169756423868,0.987567783087097,8.069195610005409e-05,0.008982870148235145,0.004273138474673033,0.42203283309936523,0.9998826057192433,0.3104705810546875,0.0,7.69324863597285,7.760931003955193,-0.11333647591014939,2.081124782562256,1.442610405675162,9.894842147827148,0.0,0.9943870902061462,0.9512950028714191,-0.15971940019979142,0.38940466966321774,-0.11333647591014939,2.081124782562256,1.442610405675162,9.894842147827148,0.0,0.9943870902061462,0.9512950028714191,-0.15971940019979142,0.38940466966321774,36.69276666629703,0.9704382956868015,0.00021415259107016027,0.014633953364356477,0.008202020078897476,0.5867244601249695,0.9997116944512395,0.166717529296875,0.0,40.24954376968651,0.9876279077467742,9.441600559512153e-05,0.009716789881186148,0.0043477886356413364,0.5475319027900696,0.9998646905089347,0.3027496337890625,0.0
1,dev_v1.1_012|S0,dev_v1.1_012,patient64552,1,S0,1911,500,1,1,7.762227550963871,0.0,0.0,1.0,5.218866175193516,0.027832827875333442,0.3006861209869385,0.5483485396961849,0.4549800753593445,1.2885701656341553,0.31422203125464443,0.0028228759765625,0.0,40.604646921503786,0.9776617448434436,8.700321632204577e-05,0.00932755146445442,0.005628182087093592,0.6066082715988159,0.999879700084506,0.231475830078125,0.0,9.71821653295774,10.169193553039804,0.9917169843265065,0.015699848532676697,0.1252990364395381,0.8109523057937622,0.0,1.006089687347412,0.6974058314927449,0.9967385236219084,0.9792858074018927,0.9917169843265065,0.015699848532676697,0.1252990364395381,0.8109523057937622,0.0,1.006089687347412,0.9963547753871702,0.9915189424527133,0.9792858074018927,30.583905465575263,0.9318528517341934,0.000874197285156697,0.02956682744490347,0.017740365117788315,0.6500477194786072,0.9987064023593293,0.087127685546875,0.0,30.36395668797371,0.8836846621480186,0.0009196113678626716,0.030325094688437026,0.01949799433350563,0.48393720388412476,0.9986100684089877,0.0791168212890625,0.0,10.23419794999063,10.38433112995699,0.9999267083631611,0.00014655306586064398,0.012105910368933184,0.09370064735412598,0.0,0.9967772364616394,0.9998182555447629,0.9999286923323459,0.999813933217001,0.9999267083631611,0.00014655306586064398,0.012105910368933184,0.09370064735412598,0.0,0.9967772364616394,0.9999502356669077,0.999926741715709,0.999813933217001,37.91941812214186,0.9646626665655995,0.0001614574866835028,0.01270659225298045,0.00775827607139945,0.5975614786148071,0.9997806547765188,0.1739654541015625,0.0,43.651905089828496,0.9908152406825531,4.3132982682436705e-05,0.006567570531211424,0.0037619033828377724,0.2693115174770355,0.9999377749945609,0.36322021484375,0.0
1,dev_v1.1_012|S1,dev_v1.1_012,patient64552,1,S1,1911,500,1,1,10.403231899021193,0.0,0.0,1.0,4.873754357830748,0.010658728217182977,0.32555514574050903,0.5705743998292502,0.4763492941856384,1.3014521598815918,0.19699644385108975,0.002685546875,0.0,40.604646921503786,0.9776617448434436,8.700321632204577e-05,0.00932755146445442,0.005628182087093592,0.6066082715988159,0.999879700084506,0.231475830078125,0.0,10.330093594966456,10.438343878020532,0.9914682993773466,0.01635320857167244,0.1278796644180475,0.6651678085327148,0.0,1.0116690397262573,0.674910531273898,0.9972324993958731,0.9786901532529447,0.991468798715816,0.01635320857167244,0.1278796644180475,0.6651678085327148,0.0,1.0116689205169678,0.9968540370741276,0.9912385158850068,0.978690153252946,31.584383502696724,0.8592786008890465,0.0006943231564946473,0.026350012457200988,0.018703699111938477,0.6387446522712708,0.9989605306560299,0.0766754150390625,0.00018310546875,30.48263259432381,0.767550587887475,0.0008948221802711487,0.029913578526668264,0.022321296855807304,0.38285180926322937,0.9986572181662201,0.0615386962890625,0.0,10.391407795948908,10.608429517946206,0.9999349762291035,0.00013242469867691398,0.011507593087909999,0.10737729072570801,0.0,0.996732771396637,0.9997922406407678,0.9999373057673271,0.99983190299077,0.9999352307293924,0.00013242469867691398,0.011507593087909999,0.10737729072570801,0.0,0.9967330098152161,0.99997590383742,0.9999331072029407,0.9998319029907695,38.69943238239864,0.9655251041006899,0.00013491392019204795,0.011615245162804268,0.007438306696712971,0.6065385341644287,0.9998187527274748,0.1822357177734375,0.0,46.397536872509846,0.9916800663442424,2.2921673007658683e-05,0.004787658405489962,0.0033346880227327347,0.09471167623996735,0.9999675880829958,0.3956146240234375,0.0
1,dev_v1.1_013|P,dev_v1.1_013,patient64571,1,P,1911,500,1,1,10.547238119062968,0.0,0.0,1.0,41.96075580765769,0.9767816617747817,6.366847082972527e-05,0.00797925252324585,0.006161283701658249,0.07102194428443909,0.9999141711726054,0.208831787109375,1.52587890625e-05,41.96075580765769,0.9767816617747817,6.366847082972527e-05,0.00797925252324585,0.006161283701658249,0.07102194428443909,0.9999141711726054,0.208831787109375,1.52587890625e-05,10.534089530003257,10.725965262041427,0.03811125745718884,1.801342248916626,1.3421409199173633,8.73622989654541,0.0,0.9960610866546631,0.9617985350679197,-0.0036185859858384323,0.3097689578905644,0.03811125745718884,1.801342248916626,1.3421409199173633,8.73622989654541,0.0,0.9960610866546631,0.9617985350679197,-0.0036185859858384323,0.3097689578905644,38.73267281359077,0.9718928592298347,0.0001338852453045547,0.011570879193240015,0.008319398388266563,0.12186965346336365,0.9998156934761772,0.1704254150390625,0.0,44.74275349127207,0.989729854102228,3.3552481909282506e-05,0.005792450423549821,0.004245997406542301,0.05343547463417053,0.9999505402152645,0.3072052001953125,1.52587890625e-05,10.656218779971823,10.71823500993196,0.004625533588618119,1.8620977401733398,1.3645870218396992,8.697673797607422,0.0,0.9950125217437744,0.9610358061490729,-0.0384372589966322,0.3619022393171698,0.004625533588618119,1.8620977401733398,1.3645870218396992,8.697673797607422,0.0,0.9950125217437744,0.9610358061490729,-0.0384372589966322,0.3619022393171698,38.39037881528229,0.9712384269591995,0.00014486454892903566,0.012035968965107698,0.008829385973513126,0.12138816714286804,0.9998130489327108,0.1487274169921875,1.52587890625e-05,44.27200207991515,0.9899629658624259,3.739381645573303e-05,0.0061150483608662515,0.00448612729087472,0.0773625373840332,0.9999502532569671,0.290771484375,0.0
1,dev_v1.1_013|S0,dev_v1.1_013,patient64571,1,S0,1911,500,1,1,10.728917273925617,0.0,0.0,1.0,5.083259464939182,0.009814070956316066,0.3102230429649353,0.556976698763005,0.47589290142059326,1.2322819232940674,0.26730819684756985,0.0027313232421875,0.0,41.96075580765769,0.9767816617747817,6.366847082972527e-05,0.00797925252324585,0.006161283701658249,0.07102194428443909,0.9999141711726054,0.208831787109375,1.52587890625e-05,10.611495207063854,10.71589746105019,0.989080184714913,0.02094830386340618,0.14473528893606485,1.0442252159118652,0.0,1.0128297805786133,0.6074302874992134,0.996154199401501,0.9727188146311988,0.989080184714913,0.02094830386340618,0.14473528893606485,1.0442252159118652,0.0,1.0128297805786133,0.9951230464031077,0.9888104339980955,0.9727188146311988,30.579137626749006,0.844368422258076,0.0008751575369387865,0.029583061655933898,0.022523565217852592,0.3407246768474579,0.9987393343519047,0.0601348876953125,0.00048828125,29.13629776034416,0.7403123554284865,0.0012200291967019439,0.03492891634021794,0.027046823874115944,0.3146202862262726,0.9982606379916955,0.0474700927734375,0.0,10.603019548929296,10.666640499955975,0.9999341646399235,0.00013267526810523123,0.01151847507725008,0.10240864753723145,0.0,0.9968026876449585,0.999823102162312,0.9999359475679188,0.9998316950293655,0.9999341646399235,0.00013267526810523123,0.01151847507725008,0.10240864753723145,0.0,0.9968026876449585,0.9999609326158485,0.9999332922012869,0.9998316950293655,39.37331821099351,0.9656444081769726,0.00011552292562555522,0.010748159173809961,0.008205423131585121,0.11976894736289978,0.9998562331687613,0.1554412841796875,0.0,46.195475706669235,0.9937167884118453,2.4013332222239114e-05,0.004900340010880787,0.0034596312325447798,0.08954110741615295,0.9999699396491063,0.3593292236328125,0.0
1,dev_v1.1_013|S1,dev_v1.1_013,patient64571,1,S1,1911,500,1,1,10.325697244959883,0.0,0.0,1.0,5.422108329153615,0.010500397535267388,0.28693872690200806,0.5356666191783916,0.4580528140068054,1.2745249271392822,0.3885240446261769,0.003326416015625,0.0,41.96075580765769,0.9767816617747817,6.366847082972527e-05,0.00797925252324585,0.006161283701658249,0.07102194428443909,0.9999141711726054,0.208831787109375,1.52587890625e-05,10.293432331993245,10.400332343997434,0.9877363141707269,0.023619264364242554,0.15368560233230227,0.7585129737854004,0.0,1.0150909423828125,0.5661315996875689,0.9963266583635592,0.9697181282073062,0.9877361923087373,0.023619264364242554,0.15368560233230227,0.7585129737854004,0.0,1.015090823173523,0.9953929417134875,0.9873968240962233,0.9697181282073045,29.120032636899605,0.772624639972991,0.0012246069964021444,0.03499438521251866,0.026068594306707382,0.42349737882614136,0.9981679252751325,0.0560760498046875,0.00048828125,27.868581175954212,0.6571485619662178,0.0016335855470970273,0.04041763905891866,0.030545849353075027,0.44095003604888916,0.997550207833043,0.0464935302734375,0.0,10.32307377399411,10.426144681987353,0.9999360059480118,0.0001303231401834637,0.011415916090417961,0.09500384330749512,0.0,0.9967508316040039,0.9997772199008361,0.9999380619753554,0.9998339566318486,0.9999358151231275,0.0001303231401834637,0.011415916090417961,0.09500384330749512,0.0,0.9967507123947144,0.9999762673933249,0.9999337482848148,0.9998339566318487,39.61282901106367,0.9650716829283119,0.00010932439909083769,0.010455830865638449,0.007934652268886566,0.12089051306247711,0.9998568651051494,0.162872314453125,0.0,47.03506488724807,0.9933776232171931,1.979217449843418e-05,0.004448839680010304,0.003144386922940612,0.09066267311573029,0.9999725924396605,0.394744873046875,1.52587890625e-05
1,dev_v1.1_014|P,dev_v1.1_014,patient64577,1,P,1911,500,1,1,10.474768044077791,0.0,0.0,1.0,40.431876702810925,0.9773868602126992,9.053412941284478e-05,0.009514942428246468,0.006746687926352024,0.09989535063505173,0.9998742989369895,0.2090911865234375,0.0,40.431876702810925,0.9773868602126992,9.053412941284478e-05,0.009514942428246468,0.006746687926352024,0.09989535063505173,0.9998742989369895,0.2090911865234375,0.0,10.513770222081803,10.5544554120861,-0.02474349977402373,1.9220584630966187,1.386383230963437,9.506786346435547,0.0,0.9960154891014099,0.9569086397670824,-0.06715398821256632,0.3565835358703686,-0.02474349977402373,1.9220584630966187,1.386383230963437,9.506786346435547,0.0,0.9960154891014099,0.9569086397670824,-0.06715398821256632,0.3565835358703686,36.798594785016675,0.9730007088540595,0.00020899722585454583,0.0144567363486558,0.009457298554480076,0.23600803315639496,0.9997079833984616,0.1663818359375,0.0,43.013120568229304,0.9896373209429163,4.996753705199808e-05,0.0070687719620877625,0.004942554049193859,0.13728547096252441,0.9999276162668216,0.2757415771484375,0.0,10.53278037009295,10.742666120058857,-0.05788970417414232,1.9824665784835815,1.4080009156543831,10.055493354797363,0.0,0.9951273798942566,0.9579639408040564,-0.10167546241635976,0.4113930405039579,-0.05788970417414232,1.9824665784835815,1.4080009156543831,10.055493354797363,0.0,0.9951273798942566,0.9579639408040564,-0.10167546241635976,0.4113930405039579,36.71704447713491,0.9731848490721747,0.0002129587810486555,0.014593107312997308,0.009617794305086136,0.20948220789432526,0.9997096255885043,0.1668853759765625,0.0,43.02463777614939,0.990594332987602,4.983520193491131e-05,0.007059405211128719,0.004939209669828415,0.11075964570045471,0.9999312291124202,0.2788848876953125,0.0
1,dev_v1.1_014|S0,dev_v1.1_014,patient64577,1,S0,1911,500,1,1,10.728880706010386,0.0,0.0,1.0,5.589678003382588,0.028599551970463225,0.2760782539844513,0.5254314931410672,0.43364542722702026,1.3797390460968018,0.4287332223755725,0.0026397705078125,0.0,40.431876702810925,0.9773868602126992,9.053412941284478e-05,0.009514942428246468,0.006746687926352024,0.09989535063505173,0.9998742989369895,0.2090911865234375,0.0,10.640303179970942,10.72951810900122,0.9889111037573778,0.021073898300528526,0.14516851690545207,0.8505308628082275,0.0,1.0069866180419922,0.6664217711209744,0.9955419443856264,0.9724993568716878,0.9889111037573778,0.021073898300528526,0.14516851690545207,0.8505308628082275,0.0,1.0069866180419922,0.9947325185932003,0.988667989246801,0.9724993568716878,29.494054814715792,0.9171123095379844,0.0011235554702579975,0.0335194789675794,0.023198090493679047,0.630621075630188,0.9983768464375474,0.0635833740234375,0.0,29.350596681938576,0.8596705998289607,0.00116128905210644,0.03407769141397991,0.02379833348095417,0.6483021974563599,0.9982709102844068,0.0595703125,0.0,10.611232076073065,10.705244573997334,0.9999194077556032,0.0001611621555639431,0.012694965756706202,0.6823446750640869,0.0,0.9967737793922424,0.9997280304108334,0.9999221923135038,0.9997954619425807,0.9999194077556032,0.0001611621555639431,0.012694965756706202,0.6823446750640869,0.0,0.9967737793922424,0.999958717543115,0.9999180683633072,0.9997954619425807,36.52820367636617,0.9634742572223594,0.00022242296836338937,0.01491385156032436,0.008626165799796581,0.4303136467933655,0.9996826233127603,0.1709747314453125,0.0,38.30722752634517,0.9881221185552136,0.00014766489039175212,0.0121517443353517,0.004083194769918919,0.4592527449131012,0.9997783697910829,0.3662567138671875,0.0
1,dev_v1.1_014|S1,dev_v1.1_014,patient64577,1,S1,1911,500,1,1,10.686063064960763,0.0,0.0,1.0,5.489710121541518,0.012797763912197212,0.2825068533420563,0.5315137376795225,0.4498094320297241,1.367673635482788,0.4000070682231236,0.002471923828125,0.0,40.431876702810925,0.9773868602126992,9.053412941284478e-05,0.009514942428246468,0.006746687926352024,0.09989535063505173,0.9998742989369895,0.2090911865234375,0.0,10.549454397987574,10.331025713006966,0.990172963837107,0.01889573223888874,0.13746174827525198,0.7649914026260376,0.0,1.0127758979797363,0.6625910441591085,0.9969031648697766,0.9757600947310487,0.9901730888471078,0.01889573223888874,0.13746174827525198,0.7649914026260376,0.0,1.0127761363983154,0.9962474225698009,0.9899170918895129,0.9757600947310486,29.7980269941825,0.8270748705182018,0.0010476043680682778,0.03236671698007504,0.024297703057527542,0.2938803434371948,0.9984498264132275,0.05908203125,0.0001068115234375,28.99997347175225,0.7359981480943834,0.0012589331017807126,0.03548144728982617,0.027104388922452927,0.3398330509662628,0.9981022442061418,0.051666259765625,0.0,10.290318306069821,10.409420373965986,0.9999329343094101,0.0001352436374872923,0.011629429800608984,0.09675097465515137,1.52587890625e-05,0.9967623353004456,0.9997673810593647,0.9999362144494717,0.9998286978161924,0.9999329978143315,0.0001352436374872923,0.011629429800608984,0.09675097465515137,1.52587890625e-05,0.9967625141143799,0.9999734705609568,0.9999317122804569,0.9998286978161905,39.13541661903987,0.9681268914379286,0.00012202767538838089,0.0110466137521134,0.008027331903576851,0.10008743405342102,0.9998349974599826,0.17645263671875,0.0,47.14577630541,0.994184111304635,1.9294004232506268e-05,0.004392494078824269,0.00310895056463778,0.08992230892181396,0.9999724691229067,0.40087890625,0.0
1,dev_v1.1_015|P,dev_v1.1_015,patient64580,1,P,1911,500,1,1,10.415957588003948,0.0,0.0,1.0,42.70617161001801,0.9838592586846647,5.362691808841191e-05,0.007323040221684701,0.005701498594135046,0.06383508443832397,0.9999293517842176,0.226104736328125,0.0,42.70617161001801,0.9838592586846647,5.362691808841191e-05,0.007323040221684701,0.005701498594135046,0.06383508443832397,0.9999293517842176,0.226104736328125,0.0,10.341813676059246,10.476632082951255,0.17745289428606972,1.5370244979858398,1.2397679210182202,11.310443878173828,0.0,0.9950427412986755,0.9676183722595849,0.1426447237599733,0.34200135102218954,0.17745289428606972,1.5370244979858398,1.2397679210182202,11.310443878173828,0.0,0.9950427412986755,0.9676183722595849,0.1426447237599733,0.34200135102218954,34.33982531495442,0.9635821975647484,0.0003681437810882926,0.019187073280943413,0.009541555307805538,0.661175549030304,0.9994602541334908,0.1656951904296875,0.0,35.74747619988137,0.9814359490428642,0.0002662271726876497,0.01631646936955571,0.005460169166326523,0.6458266973495483,0.9995978269843927,0.3028411865234375,0.0,10.51198096293956,10.555675490992144,0.14896271111992102,1.5881675481796265,1.2602251974070453,11.590868949890137,0.0,0.9937240481376648,0.9703042158705428,0.11287599885963698,0.4086478161883865,0.14896271111992102,1.5881675481796265,1.2602251974070453,11.590868949890137,0.0,0.9937240481376648,0.9703042158705428,0.11287599885963698,0.4086478161883865,34.348605685548456,0.9642988648724315,0.00036740023642778397,0.01916768729992703,0.009967225603759289,0.6289625763893127,0.9994778546947297,0.1478118896484375,0.0,35.88692159050542,0.9825412606685096,0.0002578147978056222,0.01605661227674201,0.005650373641401529,0.6136137247085571,0.9996161603548481,0.28594970703125,1.52587890625e-05
1,dev_v1.1_015|S0,dev_v1.1_015,patient64580,1,S0,1911,500,1,1,10.60919714695774,0.0,0.0,1.0,5.447111783069435,0.023483485364765216,0.28529149293899536,0.5341268509811086,0.44001150131225586,1.3189302682876587,0.3833136000345065,0.0029754638671875,0.0,42.70617161001801,0.9838592586846647,5.362691808841191e-05,0.007323040221684701,0.005701498594135046,0.06383508443832397,0.9999293517842176,0.226104736328125,0.0,10.639968433999456,10.733118506963365,0.9888334723153804,0.021215863525867462,0.14565666317016693,1.3639707565307617,0.0,1.0085065364837646,0.6583091033732832,0.9956578349828357,0.9725092622023307,0.9888334723153804,0.021215863525867462,0.14565666317016693,1.3639707565307617,0.0,1.0085065364837646,0.9954151610959494,0.9885458569764531,0.9725092622023307,30.33474574436045,0.9155701645119423,0.0009258175850845873,0.03042725069875008,0.018943175673484802,0.6499174237251282,0.9986129220880954,0.081329345703125,0.0010528564453125,29.642681821555996,0.8648943372454531,0.0010857549495995045,0.03295079588719375,0.02153048664331436,0.67499178647995,0.998362218516713,0.0677490234375,0.0,10.635380125022493,10.730066669057123,0.9999135756700417,0.00017102858691941947,0.013077789833126218,0.11636495590209961,1.52587890625e-05,0.9967405796051025,0.9998150048247723,0.9999155504987957,0.9997837005987781,0.9999135756700417,0.00017102858691941947,0.013077789833126218,0.11636495590209961,1.52587890625e-05,0.9967405796051025,0.9999417486816945,0.9999130667575522,0.9997837005987781,39.2857265512533,0.9718653648960356,0.00011787653056671843,0.010857095862463334,0.008297343738377094,0.12803903222084045,0.9998501438492966,0.1521148681640625,0.0,44.178255187076346,0.9923894594397826,3.8209775084396824e-05,0.006181405591319569,0.004166495054960251,0.09290629625320435,0.9999471919213767,0.320953369140625,1.52587890625e-05
1,dev_v1.1_015|S1,dev_v1.1_015,patient64580,1,S1,1911,500,1,1,10.71410525799729,0.0,0.0,1.0,5.790694854035458,0.020426072178215418,0.2635909616947174,0.5134111039846309,0.4312271475791931,1.294221043586731,0.47394818102973824,0.00201416015625,0.0,42.70617161001801,0.9838592586846647,5.362691808841191e-05,0.007323040221684701,0.005701498594135046,0.06383508443832397,0.9999293517842176,0.226104736328125,0.0,10.62091004604008,10.695040429010987,0.989354963608073,0.020193319767713547,0.14210320111705277,0.9042525291442871,0.0,1.0074924230575562,0.6618446764616017,0.9960252566621524,0.9740525576077022,0.9893547129169886,0.020193317905068398,0.14210319456320605,0.9042525291442871,0.0,1.0074923038482666,0.9957046276517635,0.9890793206152445,0.974052557607703,31.2716116528061,0.928107347128744,0.0007461718050763011,0.02731614550181451,0.018087295815348625,0.4881097674369812,0.9989090694657389,0.090057373046875,0.000213623046875,30.76595296995253,0.8821575606225325,0.0008383101085200906,0.028953585417355317,0.019915437325835228,0.513184130191803,0.9987364106657188,0.0763397216796875,0.0,10.5598648970481,10.332389847026207,0.9999088030934602,0.00018037167319562286,0.013430252164260463,0.4419403076171875,0.0,0.9967846274375916,0.9997267524614908,0.9999119305388848,0.9997679475465292,0.9999088030934602,0.00018037167319562286,0.013430252164260463,0.4419403076171875,0.0,0.9967843890190125,0.9999662162130012,0.9999063509601784,0.9997679475465292,39.56070777387352,0.971782125095866,0.00011064434511354193,0.010518761576989086,0.007928414270281792,0.16856426000595093,0.9998535530960432,0.1640167236328125,0.0,45.9236747135711,0.9936948450713444,2.5564218958606943e-05,0.005056107095246989,0.0035555344074964523,0.11693578958511353,0.9999634197130896,0.364288330078125,0.0
1,dev_v1.1_016|P,dev_v1.1_016,patient64582,1,P,1911,500,1,1,10.372520747943781,0.0,0.0,1.0,41.924848479579076,0.9788849442321478,6.419706187443808e-05,0.008012306900914248,0.00612797774374485,0.09539389610290527,0.9999145198304117,0.2152252197265625,0.0,41.924848479579076,0.9788849442321478,6.419706187443808e-05,0.008012306900914248,0.00612797774374485,0.09539389610290527,0.9999145198304117,0.2152252197265625,0.0,10.30621783901006,10.40361192706041,-0.021093919054284975,1.911463737487793,1.3825569563268607,8.255670547485352,0.0,0.9962623715400696,0.9483007028034506,-0.06390688625499862,0.3503165146230268,-0.021093919054284975,1.911463737487793,1.3825569563268607,8.255670547485352,0.0,0.9962623715400696,0.9483007028034506,-0.06390688625499862,0.3503165146230268,37.17986020263839,0.9705117343386375,0.0001914317545015365,0.013835886473281591,0.009757895953953266,0.35687339305877686,0.9997518438739851,0.1279754638671875,0.0,41.97675489878235,0.9878802346499269,6.343435234157369e-05,0.007964568559663083,0.00532879400998354,0.305281400680542,0.9999143027295033,0.244903564453125,0.0,10.338731397991069,10.47655962407589,-0.061715754655825544,1.9856467247009277,1.4091297756775023,9.075736045837402,0.0,0.9953262209892273,0.9470315007162636,-0.10655426002735036,0.4185866095259438,-0.061715754655825544,1.9856467247009277,1.4091297756775023,9.075736045837402,0.0,0.9953262209892273,0.9470315007162636,-0.10655426002735036,0.4185866095259438,35.289034595539086,0.968891419065511,0.0002958670083899051,0.017200785109694996,0.009832758456468582,0.7147929072380066,0.9995903633773499,0.14453125,0.0,37.80176668794401,0.9861377517672849,0.00016589119331911206,0.012879875516444718,0.005416267551481724,0.6984840035438538,0.9997567776497676,0.2726593017578125,0.0
1,dev_v1.1_016|S0,dev_v1.1_016,patient64582,1,S0,1911,500,1,1,10.59915120108053,0.0,0.0,1.0,5.022951925136568,0.004461127355516498,0.3145609498023987,0.5608573346247677,0.4771614968776703,1.3010804653167725,0.24747829432137988,0.0029449462890625,0.0,41.924848479579076,0.9788849442321478,6.419706187443808e-05,0.008012306900914248,0.00612797774374485,0.09539389610290527,0.9999145198304117,0.2152252197265625,0.0,10.461802461999469,10.613325492013246,0.9897925270162791,0.019451690837740898,0.13946931862506856,0.729407787322998,0.0,1.0096276998519897,0.6490142916023973,0.996191626120996,0.9744656069558528,0.9897925270162791,0.019451690837740898,0.13946931862506856,0.729407787322998,0.0,1.0096276998519897,0.9959116854214527,0.9895256030825715,0.9744656069558528,32.85500601558888,0.9184091076613924,0.0005182023742236197,0.02276405882578104,0.015478321351110935,0.557647705078125,0.9992846177776421,0.0940399169921875,0.0022430419921875,31.520670060963873,0.8463434452022782,0.0007045843522064388,0.026544007839933267,0.019320132210850716,0.5275391340255737,0.9990532437511599,0.070098876953125,0.0,10.654429274029098,10.718234980944544,0.9999320214102005,0.00013825409405399114,0.01175815011190073,0.10615992546081543,0.0,0.9967485666275024,0.9998197883261563,0.9999334788222817,0.9998241745637485,0.9999320214102005,0.00013825409405399114,0.01175815011190073,0.10615992546081543,0.0,0.9967485666275024,0.9999566706490222,0.9999305922980963,0.9998241745637485,39.28976125982927,0.9699892999326744,0.00011776707106037065,0.010852053771538854,0.008278479799628258,0.1112356185913086,0.9998579294863295,0.151397705078125,0.0,45.78795538923686,0.9935097439306597,2.6375728339189664e-05,0.005135730555548028,0.0036816673818975687,0.06526276469230652,0.9999678620970733,0.347747802734375,1.52587890625e-05
1,dev_v1.1_016|S1,dev_v1.1_016,patient64582,1,S1,1911,500,1,1,10.723738768021576,0.0,0.0,1.0,5.351457008975419,0.010705964261578724,0.2916448414325714,0.5400415182488948,0.4570264518260956,1.3118681907653809,0.35487766810551735,0.0033111572265625,0.0,41.924848479579076,0.9788849442321478,6.419706187443808e-05,0.008012306900914248,0.00612797774374485,0.09539389610290527,0.9999145198304117,0.2152252197265625,0.0,10.654716896009631,10.702883988968097,0.9906533767453511,0.017835116013884544,0.13354817862436216,0.8214014768600464,0.0,1.0100784301757812,0.6731202954645481,0.996699345526785,0.976774524938521,0.9906533755712211,0.017835114151239395,0.13354817165067964,0.8214014768600464,0.0,1.0100784301757812,0.9966161806990954,0.9903939363710117,0.9767745249385211,32.11847713973855,0.9036398418696882,0.000613977259490639,0.02477856451634434,0.016336245462298393,0.534406304359436,0.9990809578364246,0.093597412109375,0.00103759765625,31.00962240248837,0.8239138284106978,0.0007925702375359833,0.0281526239902426,0.019581452012062073,0.5593900680541992,0.9988121085863203,0.0731201171875,0.0,10.625614286982454,10.692374467034824,0.999931954022052,0.0001376968575641513,0.01173443043202998,0.10315299034118652,0.0,0.9966936707496643,0.999848306879283,0.9999335948809622,0.9998232998947819,0.9999320176586042,0.0001376968575641513,0.01173443043202998,0.10315299034118652,0.0,0.9966935515403748,0.9999746612514141,0.9999304496994889,0.9998232998947817,39.352770026580174,0.9684023224040785,0.00011607080523390323,0.010773616163289985,0.008035965263843536,0.10652844607830048,0.9998496783386486,0.169586181640625,0.0,45.742265950720046,0.9922720983433702,2.665467582119163e-05,0.005162816655779249,0.003472300013527274,0.08206725120544434,0.9999626666835405,0.3897552490234375,0.0
1,dev_v1.1_017|P,dev_v1.1_017,patient64583,1,P,1911,500,1,1,10.626917492016219,0.0,0.0,1.0,42.95173130627571,0.9916451195569337,5.067886377219111e-05,0.007118908889162096,0.005538184195756912,0.050475239753723145,0.9999319927184595,0.236083984375,1.52587890625e-05,42.95173130627571,0.9916451195569337,5.067886377219111e-05,0.007118908889162096,0.005538184195756912,0.050475239753723145,0.9999319927184595,0.236083984375,1.52587890625e-05,10.243180663092062,10.388220301945694,0.7020881451917469,0.5556113123893738,0.745393394382707,5.265449523925781,0.0,0.9930630922317505,0.9900387409552781,0.6893574886147168,0.6127043506138635,0.7020881451917469,0.5556113123893738,0.745393394382707,5.265449523925781,0.0,0.9930630922317505,0.9900387409552781,0.6893574886147168,0.6127043506138635,38.63759280238195,0.9807027699242544,0.00013684871373698115,0.01169823549673117,0.008818238973617554,0.09525185823440552,0.9998026077342189,0.16290283203125,0.0,45.38563967626179,0.9958000267395688,2.8935835871379822e-05,0.005379204018382257,0.003958687651902437,0.04618936777114868,0.9999564327456896,0.33953857421875,0.0,10.327990246936679,10.42213034001179,0.7496481745412823,0.4661928713321686,0.6827831803231306,5.987221717834473,0.0,0.9914695024490356,0.9919410975511931,0.7389985202803406,0.6952821875925553,0.7496481745412823,0.4661928713321686,0.6827831803231306,5.987221717834473,0.0,0.9914695024490356,0.9919410975511931,0.7389985202803406,0.6952821875925553,38.151541923792564,0.9799387833320834,0.00015305439592339098,0.012371515506331105,0.009387859143316746,0.09884244203567505,0.9997979385403156,0.1471405029296875,0.0,44.59534605359201,0.9953165191056741,3.4710861655185e-05,0.00589159245494671,0.004341357387602329,0.049963414669036865,0.9999538337328224,0.308929443359375,0.0
1,dev_v1.1_017|S0,dev_v1.1_017,patient64583,1,S0,1911,500,1,1,10.428455553017557,0.0,0.0,1.0,5.389636512444023,0.02233340119812366,0.28909218311309814,0.5376729332160008,0.4468232989311218,1.2984086275100708,0.3657746078241545,0.00323486328125,0.0,42.95173130627571,0.9916451195569337,5.067886377219111e-05,0.007118908889162096,0.005538184195756912,0.050475239753723145,0.9999319927184595,0.236083984375,1.52587890625e-05,10.39605517196469,10.599807781982236,0.9908314798219343,0.017373397946357727,0.13180818618871032,0.7777422666549683,0.0,1.006653904914856,0.6844452560429343,0.996129989855967,0.9772021031608318,0.9908314798219343,0.017373397946357727,0.13180818618871032,0.7777422666549683,0.0,1.006653904914856,0.9961404622340299,0.9905988106503975,0.9772021031608318,32.52573579851841,0.9555862609749799,0.0005590188084170222,0.023643578587367486,0.016569357365369797,0.2692432105541229,0.9991609368139129,0.087188720703125,0.0002593994140625,31.80291001595469,0.9354851621673507,0.0006602508947253227,0.025695347725324183,0.018538838252425194,0.28036969900131226,0.9990097481734591,0.076446533203125,0.0,10.454858073033392,10.635636284016073,0.9999166336608567,0.00016599886293988675,0.012884054600159327,0.11714434623718262,0.0,0.9967536330223083,0.9997919092608478,0.9999183937721645,0.9997901081880431,0.9999166336608567,0.00016599886293988675,0.012884054600159327,0.11714434623718262,0.0,0.9967536330223083,0.9999532834162205,0.9999153790218812,0.9997901081880431,38.90423105773647,0.9799482549295963,0.00012869951024185866,0.011344580655178871,0.00847169291228056,0.11718785762786865,0.9998227075934337,0.15509033203125,0.0,44.19321967722471,0.9953141494262183,3.8078342186054215e-05,0.006170765121608034,0.004139936529099941,0.1073458194732666,0.9999438915214397,0.319122314453125,0.0
1,dev_v1.1_017|S1,dev_v1.1_017,patient64583,1,S1,1911,500,1,1,10.735328619950451,0.0,0.0,1.0,5.356066465934597,0.006401369876055065,0.29133546352386475,0.5397550032411601,0.4636225402355194,1.2461284399032593,0.35613862768213844,0.0019073486328125,0.0,42.95173130627571,0.9916451195569337,5.067886377219111e-05,0.007118908889162096,0.005538184195756912,0.050475239753723145,0.9999319927184595,0.236083984375,1.52587890625e-05,10.630341958953068,10.737917130929418,0.9895149304808958,0.020076142624020576,0.14169030532827775,0.817231297492981,0.0,1.012342095375061,0.6448645452495932,0.9962212745469411,0.9742219893379421,0.9895151166276006,0.020076144486665726,0.14169031190122253,0.817231297492981,0.0,1.012341856956482,0.9960372341472034,0.989230589108549,0.9742219893379425,30.827266759284736,0.9204714240517208,0.0008265579817816615,0.028749921422182384,0.021233998239040375,0.2603100836277008,0.9987597555161349,0.0679779052734375,0.000244140625,29.686663540708878,0.879280322685481,0.0010748148197308183,0.03278436852725424,0.024534136056900024,0.2957729697227478,0.9983879580538493,0.0562896728515625,0.0,10.636261297971942,10.716456775087863,0.9999243411181313,0.0001514919858891517,0.012308208069786263,0.1000525951385498,0.0,0.9967712163925171,0.9998094735301497,0.9999262752156547,0.9998060397892777,0.9999243411229497,0.0001514919858891517,0.012308208069786263,0.1000525951385498,0.0,0.9967711567878723,0.9999706802550875,0.9999222248634747,0.9998060397892794,39.10255515512637,0.9796995311088351,0.00012295451597310603,0.011088485738508484,0.00847863219678402,0.09789454936981201,0.9998327480414958,0.1554107666015625,0.0,45.78562822814105,0.9953910358139105,2.6389865524834022e-05,0.005137106727023882,0.003805495100095868,0.049041807651519775,0.9999622241037872,0.34124755859375,0.0
1,dev_v1.1_018|P,dev_v1.1_018,patient64596,1,P,1911,500,1,1,10.718365420005284,0.0,0.0,1.0,41.7911211751329,0.9816107903615504,6.62045567878522e-05,0.008136618264847639,0.00605803681537509,0.09990189969539642,0.9999105281611491,0.2164306640625,0.0,41.7911211751329,0.9816107903615504,6.62045567878522e-05,0.008136618264847639,0.00605803681537509,0.09990189969539642,0.9999105281611491,0.2164306640625,0.0,10.616518096998334,10.622569200000726,0.17906150941970522,1.5360668897628784,1.239381656215259,7.9258928298950195,0.0,0.9939614534378052,0.9615853991592866,0.14463880303990542,0.3898342629288269,0.17906150941970522,1.5360668897628784,1.239381656215259,7.9258928298950195,0.0,0.9939614534378052,0.9615853991592866,0.14463880303990542,0.3898342629288269,37.46795790529107,0.9714181498557365,0.00017914480122271925,0.013384498542071693,0.008685271255671978,0.23715534806251526,0.9997466571368769,0.1902923583984375,0.0,42.84195081975685,0.9909460381163713,5.197624705033377e-05,0.007209455392076004,0.004299231339246035,0.2144293487071991,0.9999224929375186,0.339691162109375,1.52587890625e-05,10.26113079697825,10.39207111299038,0.149891967172415,1.588321566581726,1.2602863034174918,7.99031925201416,0.0,0.9924980401992798,0.9620418870520149,0.11425779617374263,0.45884723566268043,0.149891967172415,1.588321566581726,1.2602863034174918,7.99031925201416,0.0,0.9924980401992798,0.9620418870520149,0.11425779617374263,0.45884723566268043,37.11885339744671,0.9704566704851748,0.0001941398368217051,0.013933407222273564,0.009130286984145641,0.2863413691520691,0.9997379858778982,0.1720123291015625,0.0,42.21791938620278,0.9903644080012842,6.0007849242538214e-05,0.007746473342272483,0.004577975254505873,0.27048397064208984,0.9999158995286938,0.3242034912109375,1.52587890625e-05
1,dev_v1.1_018|S0,dev_v1.1_018,patient64596,1,S0,1911,500,1,1,10.399604146019556,0.0,0.0,1.0,5.472151878057598,0.023700335736181837,0.28365132212638855,0.5325892621208097,0.4338081479072571,1.2921479940414429,0.3938994211877247,0.003143310546875,0.0,41.7911211751329,0.9816107903615504,6.62045567878522e-05,0.008136618264847639,0.00605803681537509,0.09990189969539642,0.9999105281611491,0.2164306640625,0.0,10.32586971402634,10.427986910915934,0.9931523052489877,0.012977346777915955,0.1139181582449258,0.6590057611465454,0.0,1.004919409751892,0.7386737860908825,0.9973442798272213,0.9824495703233465,0.9931523052489877,0.012977346777915955,0.1139181582449258,0.6590057611465454,0.0,1.004919409751892,0.9967534489352053,0.9929974473372403,0.9824495703233465,32.67856125474144,0.969321907518577,0.0005396893830038607,0.023231215702236952,0.013240959495306015,0.7193723917007446,0.9991967195508664,0.122528076171875,1.52587890625e-05,32.317590211971236,0.9468747459392001,0.0005864634877070785,0.02421700823196537,0.014417663216590881,0.71352219581604,0.9991138733544231,0.1092681884765625,0.0,10.399721733061597,10.603173270006664,0.9999260498256453,0.00014867266872897744,0.012193140232482256,0.09071183204650879,1.52587890625e-05,0.9967901110649109,0.9997284570088543,0.999929224216843,0.999806367272918,0.9999260498256453,0.00014867266872897744,0.012193140232482256,0.09071183204650879,1.52587890625e-05,0.9967901110649109,0.9999482045611756,0.999924922835518,0.999806367272918,38.875811308525904,0.9709561745001763,0.00012954446719959378,0.011381760285632174,0.008169540204107761,0.17791926860809326,0.9998271010083646,0.170623779296875,0.0,45.03056881167183,0.9942776114013905,3.140097396681085e-05,0.005603657195690227,0.0035359521862119436,0.17742550373077393,0.9999555636159222,0.3837738037109375,0.0
1,dev_v1.1_018|S1,dev_v1.1_018,patient64596,1,S1,1911,500,1,1,10.55854152108077,0.0,0.0,1.0,5.594205372270561,0.016913258227496196,0.27579060196876526,0.5251576924779502,0.44102102518081665,1.2546064853668213,0.4242454394518701,0.00311279296875,0.0,41.7911211751329,0.9816107903615504,6.62045567878522e-05,0.008136618264847639,0.00605803681537509,0.09990189969539642,0.9999105281611491,0.2164306640625,0.0,10.546067467075773,10.741245326935314,0.9895712630359212,0.019978802651166916,0.14134639242360209,0.7680231332778931,0.0,1.0114318132400513,0.6717047020442134,0.9964429068884207,0.973649498259263,0.9895712010775165,0.019978800788521767,0.14134638583466422,0.7680231332778931,0.0,1.0114322900772095,0.9957479415916198,0.9893077429543798,0.9736494982592626,31.262365864455653,0.8870891873846865,0.000747762038372457,0.027345237946897756,0.019523611292243004,0.3760225772857666,0.9988829043375063,0.0780181884765625,0.00018310546875,30.179926050654746,0.8139386284775786,0.0009594169678166509,0.03097445669929742,0.02299320697784424,0.38681459426879883,0.9985511041504878,0.06072998046875,0.0,10.624394515063614,10.742770940065384,0.9999279541742805,0.00014551857020705938,0.012063107817103326,0.10197949409484863,0.0,0.9967678785324097,0.9997257897216696,0.9999311444413929,0.9998090396841969,0.9999280176976083,0.00014551857020705938,0.012063107817103326,0.10197949409484863,0.0,0.996768057346344,0.9999730824049486,0.9999263080617258,0.9998090396841953,39.257217599522654,0.9707045255883829,0.00011865286796819419,0.010892789723858355,0.00794870126992464,0.10968568921089172,0.9998407627419703,0.176116943359375,0.0,46.56883623893904,0.9942667528108731,2.203516851295717e-05,0.004694163238848557,0.0032586075831204653,0.06077772378921509,0.9999687653436864,0.4033355712890625,0.0
1,dev_v1.1_019|P,dev_v1.1_019,patient64603,1,P,1911,500,1,1,10.729052272043191,0.0,0.0,1.0,41.83858354801431,0.9831009401810593,6.548497185576707e-05,0.00809227853300707,0.006010269746184349,0.20380356907844543,0.9999104535166357,0.220489501953125,0.0,41.83858354801431,0.9831009401810593,6.548497185576707e-05,0.00809227853300707,0.006010269746184349,0.20380356907844543,0.9999104535166357,0.220489501953125,0.0,10.630487861926667,10.714018931030296,0.13930028540423686,1.6065242290496826,1.2674873683984715,8.293991088867188,0.0,0.9957452416419983,0.9712493021178398,0.10201196913033925,0.37493020718720166,0.13930028540423686,1.6065242290496826,1.2674873683984715,8.293991088867188,0.0,0.9957452416419983,0.9712493021178398,0.10201196913033925,0.37493020718720166,37.26105936144225,0.9732057371041839,0.00018788584566209465,0.013707145788314015,0.009877782315015793,0.27310994267463684,0.9997565984169349,0.1489105224609375,0.0,43.03589920786302,0.9920273429419307,4.970614463672973e-05,0.007050258480136011,0.005176351871341467,0.09540632367134094,0.9999367910412198,0.2582550048828125,0.0,10.591536391992122,10.592253621085547,0.10643226809027043,1.6658589839935303,1.2906815966742264,8.744379997253418,0.0,0.9945364594459534,0.9714017580275094,0.06759271614155672,0.4506578604072999,0.10643226809027043,1.6658589839935303,1.2906815966742264,8.744379997253418,0.0,0.9945364594459534,0.9714017580275094,0.06759271614155672,0.4506578604072999,37.40926231100627,0.9723296040043508,0.0001815824070945382,0.013475251652363981,0.009604769758880138,0.2658941447734833,0.9997544393409403,0.155853271484375,0.0,43.34759876765898,0.9916674001307505,4.6263674448709935e-05,0.006801740545530234,0.004868431482464075,0.09070146083831787,0.9999357105733353,0.2838287353515625,0.0
1,dev_v1.1_019|S0,dev_v1.1_019,patient64603,1,S0,1911,500,1,1,10.256775401066989,0.0,0.0,1.0,5.497059067678185,0.013000342330260137,0.2820292115211487,0.5310642254201922,0.44479113817214966,1.3324264287948608,0.4019717351092204,0.0028228759765625,0.0,41.83858354801431,0.9831009401810593,6.548497185576707e-05,0.00809227853300707,0.006010269746184349,0.20380356907844543,0.9999104535166357,0.220489501953125,0.0,10.291156866936944,10.397491868003272,0.9886359705001527,0.021817969158291817,0.14770906931631456,0.9413847923278809,0.0,1.014707326889038,0.6321962067850728,0.9960502753370183,0.971655503057335,0.9886359705001527,0.021817969158291817,0.14770906931631456,0.9413847923278809,0.0,1.014707326889038,0.9953800247174027,0.9883405016851777,0.971655503057335,26.337827163092946,0.7793429718003502,0.002323899185284972,0.048206837536650046,0.03353060781955719,0.6396226286888123,0.9965151325607995,0.0440521240234375,0.0005645751953125,25.652253062669566,0.6978461902728144,0.002721289172768593,0.05216597715722953,0.03706138953566551,0.6619818210601807,0.9959000949745757,0.0385284423828125,0.0,10.318967272993177,10.418877545977011,0.999917694412497,0.00016359325672965497,0.01279035795940266,0.10157537460327148,0.0,0.9967536926269531,0.9998080328571596,0.9999197514758955,0.9997917671607458,0.999917694412497,0.00016359325672965497,0.01279035795940266,0.10157537460327148,0.0,0.9967536926269531,0.9999494344521251,0.9999164532081668,0.9997917671607458,39.077046564004156,0.9719694706117911,0.00012367882300168276,0.011121098102331566,0.00843779556453228,0.10596832633018494,0.9998328424446177,0.1629486083984375,0.0,43.781300191673125,0.9926563778121349,4.1866820538416505e-05,0.006470457521568046,0.004127780441194773,0.22208279371261597,0.9999387772472808,0.3247528076171875,0.0
1,dev_v1.1_019|S1,dev_v1.1_019,patient64603,1,S1,1911,500,1,1,10.450955449952744,0.0,0.0,1.0,5.653215466614087,0.01138873788300244,0.2720686197280884,0.5216019744288631,0.44606727361679077,1.289588212966919,0.4538406652819051,0.0019073486328125,0.0,41.83858354801431,0.9831009401810593,6.548497185576707e-05,0.00809227853300707,0.006010269746184349,0.20380356907844543,0.9999104535166357,0.220489501953125,0.0,10.481098980992101,10.52114400092978,0.9914055258742202,0.01634046621620655,0.12782983304458528,0.8677184581756592,0.0,1.0092898607254028,0.7099022943239099,0.9966022016245152,0.9787577097865802,0.991406089176073,0.0163404680788517,0.12782984033022846,0.8677184581756592,0.0,1.0092899799346924,0.9967807101187623,0.9911691890537733,0.9787577097865798,29.94160868120666,0.9036120808577299,0.0010135358897969127,0.03183607842993406,0.02111949399113655,0.3910372257232666,0.9984822020203069,0.0798492431640625,0.00048828125,29.06356806483902,0.8452203189302805,0.0012406326131895185,0.03522261508164205,0.024072611704468727,0.4083349406719208,0.9981321163273799,0.064361572265625,0.0,10.505331599968486,10.677084322087467,0.9999115708688666,0.00017449290317017585,0.013209576191921368,0.09689497947692871,0.0,0.9967703223228455,0.9997235933498767,0.999915020262579,0.9997738085867615,0.9999122726481876,0.00017449290317017585,0.013209576191921368,0.09689497947692871,0.0,0.9967703819274902,0.999968097051217,0.999909323744347,0.9997738085867606,39.46652676832801,0.9723710156433089,0.00011306998203508556,0.01063343698129093,0.008112183772027493,0.08516551554203033,0.9998500559707192,0.168487548828125,0.0,45.063313970526494,0.9931332445569246,3.116510561085306e-05,0.005582571594780766,0.0036254620645195246,0.22347146272659302,0.9999553582258872,0.3480072021484375,0.0
